GENERAL INFORMATION,,,,,,,,,,,,,,,,,,,,,,,,,,,,,,,,,,,,,,,,,,,,,,,,,,,,,,,,,,,,STRUCTURE,,,,,,,,,,,,,,,,,,,,,,,,,,,,,,,,,,,,,,,,,,,,,,,,,,,,,,,,,,,,,,,,,,,,,,,,,,,,,,,,,,,,SKIN,,,,,,,,,,,,,,SERVICES,,,,,,,,,,,,,,,,,,,,,,,,SPACEPLAN,,,,,,,,AVAILABLE DOCUMENTS,,,,,,,,,,,
IDENTIFICATION,,,,,,,,,,,,DISASTER & RESPONSE,,,,,,,,,,,,,,,GENERAL PROPERTIES,,,,,,,,,,,,,,,,,,,,,,,,SITE CHECK DURING VISIT,,,,,,,,,Foundation,,,,,,,,,,,Walls and frame,,,,,,,,,,,,,,,,,,,,,,,,,,,,,,,,,Beams & floor,,,,,,,,,,,,,,,,,,,,,,Roof,,,,,,,,,,,,,,,,,,Cladding,,,,,Openings,,,,,,Insulation,,,SERVICES,,,,,,,,,,,,,,,,,,,,,,,,SPACEPLAN,,,,,,,,AVAILABLE DOCUMENTS,,,,,,,,,,,
Identification,Identification,Identification,Identification,Identification,Identification,Identification,Identification,Identification,Identification,Identification,Identification,Disaster & Response,Disaster & Response,Disaster & Response,Disaster & Response,Disaster & Response,Disaster & Response,Disaster & Response,Disaster & Response,Disaster & Response,Disaster & Response,Disaster & Response,Disaster & Response,Disaster & Response,Disaster & Response,Disaster & Response,General,General,General,General,General,General,General,General,General,General,General,General,General,General,General,General,General,General,General,General,General,General,General,General,Site,Site,Site,Site,Site,Site,Site,Site,Site,Foundation,Foundation,Foundation,Foundation,Foundation,Foundation,Foundation,Foundation,Foundation,Foundation,Foundation,Walls & Frame,Bearing walls,Bearing walls,Bearing walls,Bearing walls,Bearing walls,Bearing walls,Bearing walls,Bearing walls,Bearing walls,Framed walls,Framed walls,Framed walls,Framed walls,Framed walls,Framed walls,Framed walls,Framed walls,Framed walls,Pole-frame,Pole-frame,Pole-frame,Pole-frame,Pole-frame,Pole-frame,Posts & Beams,Posts & Beams,Posts & Beams,Posts & Beams,Posts & Beams,Posts & Beams,Posts & Beams,Walls & Frame,Beams & Floor (ground floor),Beams & Floor (ground floor),Beams & Floor (ground floor),Beams & Floor (ground floor),Beams & Floor (ground floor),Beams & Floor (ground floor),Beams & Floor (ground floor),Beams & Floor (ground floor),Beams & Floor (ground floor),Beams & Floor (ground floor),Beams & Floor (ground floor),Beams & Floor (ground floor),Beams & Floor,Beams & Floor,Beams & Floor,Beams & Floor,Beams & Floor,Beams & Floor,Beams & Floor,Beams & Floor,Beams & Floor,Beams & Floor,Roof,Roof,Roof,Roof,Roof,Roof,Roof,Roof,Roof,Roof,Roof,Roof,Roof,Roof,Roof,Roof,Roof,Roof,Cladding,Cladding,Cladding,Cladding,Cladding,Openings,Openings,Openings,Openings,Openings,Openings,Insulation,Insulation,Skin,Services,Services,Services,Services,Services,Services,Services,Services,Services,Services,Services,Services,Services,Services,Services,Services,Services,Services,Services,Services,Services,Services,Services,Services,Spaceplan,Spaceplan,Spaceplan,Spaceplan,Spaceplan,Spaceplan,Spaceplan,Spaceplan,Documents,Documents,Documents,Documents,Documents,Documents,Documents,Documents,Documents,Documents,Documents,Documents
ID,Name of shelter,Survey date,Zone,Country,Province / District / Region,City / Village,GPS Latitude,GPS Longitude,GPS Altitude,Climate zone,Landform,Associated disaster / Immediate cause,Main hazards in country,Type of Implementing Agency,Implementing Agency,Name of Project Manager,Name of Local Partner (NGO/Government),Name of Governmental Agency in charge of Disaster Management,Name of Governmental Agency in charge of Construction ,Total number of shelter built during project,Type of shelter,Type of work (construction),Type of settlement,Labour methods,Labour skills,Support provided,Year of construction (first completed shelters),Number of inhabitants of the shelter,Occupancy status (site),Occupancy status (shelter),Typology,Storeys,Number of rooms (not including kitchen & bathroom/toilet),Length (m),Width (m),Total interior area (m2),Covered area (m2),Wall height (m),Ridge height (m),Construction cost per unit (USD),Construction costs breakdown (USD) - local material,Construction costs breakdown (USD) - imported material,Construction costs breakdown (USD) - transport and warehousing,Construction costs breakdown (USD) - local labour,Construction costs breakdown (USD) - international staff,Construction costs breakdown (USD) - trainings,Construction costs breakdown (USD) - administrative costs,Construction costs breakdown (USD) - other,Construction labour (number of workers),Construction time (number of days per unit),Context,Topography,Location of the site,Soil type,Vegetation,Approximate plot area (m2),Site access,Accessibility for transport,Comment,Foundation type,Foundation Material,Depth of foundation (m),Section/ surface of footing (m x m),Width of wall base (m),Section of stilt/ pillar/ pile (m x m),Thickness of monolithic concrete slab (m),Distance between piles/ stilts/ isoled footing (m),Connection between foundation - walls,Connection material (foundation - walls),Comment,Superstructure type,Bearing walls material,Bearing walls - width (m),Bearing walls - bond beams & lintels,Section of horizontal bond beam (m x m),Section of lintel (m x m),Connection between Bearing walls and roof,Connection material (walls - roof),Stability measure - Bearing walls,Stability measure material,Framed walls material,Framed walls - section of corner post (m x m),Framed walls - section of stud (m x m),Framed walls - section of bottom wall plate/ sill plate (m x m),Framed walls - section of top wall plate (m x m),Connection between Framed walls and roof,Connection material (walls - roof),Stability measure - Framed walls,Stability measure material,Pole-frame - section of pole (m x m),Pole-frame- height of pole (m),Connection between pole-frame walls and roof,Connection material (walls - roof),Stability measure - pole-frame construction,Stability measure material,Posts & Beams - material,Posts & Beams - section of post (m x m),Posts & Beams - height of post (m),Connection between posts and beams framing walls and roof,Connection material (walls - roof),Stability measure - Posts & Beams,Stability measure material,Comment,Ground floor type,Ground floor material,Height of ground floor above ground level (m),Lenght of the beams/joists (m),Section of the beams/joists (m x m),Distance between beams/joists (m),Thickness of decking/ concrete slab/ compression slab (m),Floor components,Connection between walls and ground floor,Connection material (walls - ground floor),Stability measure - elevated ground floor,Stability measure material ,Floor type (second floor and others),Beams/ joists material,Lenght of the beams/joists (m),Section of the beams/joists (m x m),Distance between beams/joists (m),Connection between walls and floor (if more than one storey),Connection material (walls - floor),Thickness of decking/ concrete slab/ compression slab (m),Floor components,Comment,Roof shape,Roof pitch (°),Roof Structure,Roof structure Material,Distance between trusses/ gable end/ cross wall (m),Section of purlin (m x m),Distance between purlins (m),Section of rafter (m x m),Distance between rafters (m),Size of eaves (overhang) (m),Thickness of roof decking/ concrete slab (m),Section of batten/ lath (m x m),Distance between  battens/ laths (m),Connection between roof elements,Connection material (roof elements),Stability measure - roof,Stability measure material,Comment,Facade cladding material,Thickness of cladding material (mm),Roof covering material,Thickness of roof covering (mm or gauge),Floor Finish Material,Number of doors,Doors material,Number of windows,Windows material,Number of shutters,Shutters material,Insulation system,Insulation material,Comment,Water Supply location,Distance to the water supply,Water Supply Type,Sanitation location,Distance to the sanitation,Sanitation Type,Sewage system,Drainage,Waste treatment,Bathroom location,Distance to the bathroom,Type of Bathroom,Heating system,Energy Source for heating system,Cooling system,Energy Source for cooling system,Type of natural ventilation,Number of ventilation openings,Lighting,Energy Source (Appliances),Kitchen location,Kitchen Type,Cooking Energy Source,Comment,Partitions,Partition structure material,Partition finish,Ceiling structure material,Ceiling Finish Material,Possible extension of the shelter structure,Implemented extention to the shelter (at survey date),Comment,Project Narrative,Technical Description,(Priced) Bill of Quantity (BoQ),Design Drawings,Site plan,Satellite Picture,Pictures/video of setting,Pictures/video of elevations,Pictures/video of extensions,Pictures/video of details,Pictures/video of living practices,Comment
BD001,British Red Cross Sidr Shelter,40721,Asia & Pacific,Bangladesh,Patuakhali,Kuakata,21.8206388889,90.1164444444,,moist tropical,river delta,storm/cyclone,storm/cyclone; flood; drought,by NGO/agency,British Red Cross,,BDRCS,,,,transitional,relocate,planned camp,contract labour,,,,2,occupancy with no legal status,owner-occupier,detached,1,1,3.1,6.4,19.84,,2.06,,,,,,,none,pile,concrete,none,none,,rural,timber,low-lying area,clay,shrub,,none,by foot,,on stilts/pillars/piles,concrete,,,,,,,,,,Posts & Beams,,,,,,,,,,,,,,,,,,,,,,,,,reinforced concrete; timber,,,nails,steel,bracing,timber,,earth platform (elevated ground floor),none,,,,,,,,,,,,,,,,,,,,,gable,,truss,timber,,,,,,,,,,,,,,,metal sheeting,,metal sheeting,,none,1,,3,,,,,,,communal,,tubewel/borehole,on plot,,pit latrine with slab,single pit,none,,other,,"river, pond, lake",none,,none,,,0,oil/kerosene lamp,none,on plot,portable stove,wood,,none,none,none,none,none,,,,0,0,0,1,0,n,1,1,0,1,1,
BD002,Caritas Sidr Shelter,40721,Asia & Pacific,Bangladesh,Patuakhali,Mahipur,21.8576111111,90.1682777778,,moist tropical,river delta,storm/cyclone,storm/cyclone; flood; drought,by NGO/agency,Caritas,,,,,,transitional,rebuild,self-settlement,contract labour,,,2010,4,landowner,owner-occupier,detached,1,1,5.486,3.048,16.721328,,2.14,,940,,,,,none,none,concrete,slab,none,4,rural,timber,low-lying area,clay,trees,,none,by foot,,none,concrete,,,,,,,,,,Posts & Beams,,,,,,,,,,,,,,,,,,,,,,,,,reinforced concrete; timber,,,bolts and nuts,steel,none,none,,slab,none,,,,,,,,,,,,,,,,,,,,,hip,,beams,timber,,,,,,,,,,,,,,,bamboo,,metal sheeting,,none,1,,4,,,,,,,,,,on plot,,pit latrine with slab,single pit,none,,other,,"river, pond, lake",none,,none,,,0,oil/kerosene lamp,none,on plot,portable stove,wood,,none,none,none,none,none,,,,0,0,1,1,0,0,1,1,0,1,1,
BD003,Action Aid Sidr Shelter 2008,40721,Asia & Pacific,Bangladesh,Patuakhali,Char Chapla,21.8383333333,90.2090555556,,moist tropical,river delta,storm/cyclone,storm/cyclone; flood; drought,by NGO/agency,Action Aid,,,,,,permanent,rebuild,self-settlement,contract labour,,,2008,4,landowner,owner-occupier,detached,1,1,,,0,,,,,,,,,none,perimeter,concrete,slab,concrete,,rural,bricks,low-lying area,clay,trees,,none,by foot,,strip footing,concrete,,,,,,,,,,Bearing walls,solid brick (fired clay),,,,,,,,,,,,,,,,,,,,,,,,,,,,,,,,slab,concrete,,,,,,,,,,,,,,,,,,,,,flat,,concrete slab,concrete,,,,,,,,,,,,,,,bricks,,concrete,,concrete,1,,3,,,,,,,communal,,tubewel/borehole,on plot,,pit latrine with slab,single pit,none,,on plot,,separate bathroom,none,,none,,,0,oil/kerosene lamp,none,in shelter,stove,wood,,none,none,none,none,none,,,,0,0,0,0,0,0,1,1,0,0,1,
BD004,Action Aid Sidr Shelter 2011,40721,Asia & Pacific,Bangladesh,Patuakhali,Char Chapla,21.8202222222,90.21925,,moist tropical,river delta,storm/cyclone,storm/cyclone; flood; drought,by NGO/agency,Action Aid,,,,,,permanent,relocate,planned camp,contract labour,,,2011,0,occupancy with no legal status,owner-occupier,detached,1,1,,,0,,,,,,,,,none,perimeter,concrete,slab,concrete,,rural,,low-lying area,clay,shrub,,none,by foot,,strip footing,concrete,,,,,,,,,,Bearing walls,solid brick (fired clay),,,,,,,,,,,,,,,,,,,,,,,,,,,,,,,,slab,concrete,,,,,,,,,,,,,,,,,,,,,shed,,concrete slab,concrete,,,,,,,,,,,,,,,none,,concrete,,concrete,2,,4,,,,,,,,,,,,,,none,,,,,none,,none,,,0,oil/kerosene lamp,none,,,,,none,none,none,none,none,,,,0,0,0,0,0,0,1,1,0,1,1,
BD005,ACF Sidr Shelter,40722,Asia & Pacific,Bangladesh,Barguna,Sonatoli,22.0095277778,90.0009444444,,moist tropical,river delta,storm/cyclone,storm/cyclone; flood; drought,by NGO/agency,Action contre la Faim,,,,,,transitional,rebuild,self-settlement,contract labour,,,2009,7,landowner,owner-occupier,detached,1,1,,,0,,,,,,,,,none,none,none,none,none,,rural,,low-lying area,clay,trees,,none,by foot,,none,none,,,,,,,,,,Posts & Beams,,,,,,,,,,,,,,,,,,,,,,,,,timber,,,nails,steel,none,none,,earth platform (elevated ground floor),none,,,,,,,,,,,,,,,,,,,,,gable,,beams,timber,,,,,,,,,,,,,,,bamboo,,metal sheeting,,none,1,,0,,,,,,,,,,,,,,none,,,,,none,,none,,,0,oil/kerosene lamp,none,on plot,portable stove,wood,,none,none,none,none,none,,,,0,0,1,1,0,0,1,1,0,1,1,
BD006,IFRC\BDRCS Core Shelter Extended 1,40722,Asia & Pacific,Bangladesh,Barguna,Latabaria,22.1507222222,90.0663055556,,moist tropical,river delta,storm/cyclone,storm/cyclone; flood; drought,by NGO/agency,IFRC,,BDRCS,,,,transitional,rebuild,self-settlement,contract labour,,,2009,5,landowner,owner-occupier,detached,1,4,7.32,2.29,16.7628,,2.14,,1412,,,,,none,pile,concrete,none,none,30,rural,,low-lying area,clay,trees,,none,by foot,,on stilts/pillars/piles,concrete,,,,,,,,,,Posts & Beams,,,,,,,,,,,,,,,,,,,,,,,,,reinforced concrete,,,bolts and nuts,steel,none,none,,earth platform (elevated ground floor),none,,,,,,,,,,,,,,,,,,,,,hip,,truss,steel,,,,,,,,,,,,,,,metal sheeting,,metal sheeting,,none,1,,3,,,,,,,,,,,,,,none,,,,,none,,none,,,0,oil/kerosene lamp,none,in shelter,portable stove,wood,,walls,concrete,bamboo,timber,none,,,,0,0,1,1,0,0,1,1,0,1,1,
BD007,Indian Government Core Shelter,40724,Asia & Pacific,Bangladesh,Bagerhat,Bhaijora,22.4353333333,89.8669722222,,moist tropical,river delta,storm/cyclone,storm/cyclone; flood; drought,by government,"High Commission of India, Dhaka",,India Aid,,,,transitional,rebuild,self-settlement,contract labour,,,2011,8,landowner,owner-occupier,detached,1,2,6.1,3.04,18.544,,2.38,,1700,,,,,none,pile,concrete,none,none,12,rural,,low-lying area,clay,trees,,none,by foot,,on stilts/pillars/piles,concrete,,,,,,,,,,Posts & Beams,,,,,,,,,,,,,,,,,,,,,,,,,timber,,,bolts and nuts,steel,bracing,timber,,earth platform (elevated ground floor),none,,,,,,,,,,,,,,,,,,,,,hip,,beams,timber,,,,,,,,,,,,,,,metal sheeting,,metal sheeting,,none,2,,2,,,,,,,,,,on plot,,pit latrine with slab,single pit,none,,on plot,,"river, pond, lake",none,,none,,,0,oil/kerosene lamp,none,on plot,portable stove,wood,,half walls,timber,none,none,none,,,,0,0,0,1,0,0,1,1,0,1,1,
BD008,Unknown Sidr Shelter,40724,Asia & Pacific,Bangladesh,Bagerhat,Gabtola,22.4284722222,89.8727222222,,moist tropical,river delta,storm/cyclone,storm/cyclone; flood; drought,by NGO/agency,Unknown,,,,,,transitional,rebuild,self-settlement,contract labour,,,2011,3,landowner,owner-occupier,detached,1,1,4.14,4.94,20.4516,,2.38,,670,,,,,none,pile,concrete,none,none,,rural,timber,low-lying area,clay,trees,,none,by foot,,on stilts/pillars/piles,concrete,,,,,,,,,,Posts & Beams,,,,,,,,,,,,,,,,,,,,,,,,,reinforced concrete; timber,,,bolts and nuts,steel,bracing,timber,,earth platform (elevated ground floor),none,,,,,,,,,,,,,,,,,,,,,gable,,beams,timber,,,,,,,,,,,,,,,bamboo,,metal sheeting,,none,2,,3,,,,,,,,,,,,,,none,,,,,none,,none,,,0,oil/kerosene lamp,none,on plot,portable stove,wood,,none,none,none,none,none,,,,0,0,0,0,0,0,1,1,0,1,1,
BD009,IFRC\BDRCS Core Shelter Extended 2,40724,Asia & Pacific,Bangladesh,Bagerhat,Gabtola,22.4271388889,89.8723611111,,moist tropical,river delta,storm/cyclone,storm/cyclone; flood; drought,by NGO/agency,IFRC,,BDRCS,,,,transitional,rebuild,self-settlement,contract labour,,,2009,6,landowner,owner-occupier,detached,1,4,8.95,8.33,74.5535,,2.86,,2084,,,,,none,pile,concrete,none,none,45,rural,timber,low-lying area,clay,trees,,none,by foot,,on stilts/pillars/piles,concrete,,,,,,,,,,Posts & Beams,,,,,,,,,,,,,,,,,,,,,,,,,reinforced concrete; timber,,,bolts and nuts,steel,none,none,,earth platform (elevated ground floor),none,,,,,,,,,,,,,,,,,,,,,hip,,truss,steel,,,,,,,,,,,,,,,,,metal sheeting,,none,2,,7,,,,,,,,,,on plot,,pit latrine with slab,,none,,,,,none,,none,,,0,oil/kerosene lamp,none,in shelter,portable stove,wood,,walls,timber,bamboo,none,none,,,,0,0,1,1,0,0,1,1,0,1,1,
BD010,Islamic Relief Sidr Shelter,40725,Asia & Pacific,Bangladesh,Bagerhat,Baniakhali,22.3701111111,89.8247222222,,moist tropical,river delta,storm/cyclone,storm/cyclone; flood; drought,by NGO/agency,Islamic Relief,,,,,,transitional,rebuild,self-settlement,contract labour,,,2008,4,landowner,owner-occupier,detached,1,1,4.1,3.3,13.53,,2.71,,1000,,,,,none,pile,concrete,none,none,50,rural,timber,low-lying area,clay,trees,41,none,by foot,,on stilts/pillars/piles,concrete,,,,,,,,,,Posts & Beams,,,,,,,,,,,,,,,,,,,,,,,,,reinforced concrete; timber,,,bolts and nuts,steel,none,none,,earth platform (elevated ground floor),none,,,,,,,,,,,,,,,,,,,,,hip,,beams,timber,,,,,,,,,,,,,,,bamboo,,metal sheeting,,none,1,,2,,,,,,,,,,,,,,none,,,,,none,,none,,,0,oil/kerosene lamp,none,on plot,portable stove,wood,,none,none,none,none,none,,,,0,0,1,1,0,0,1,1,0,1,1,
BD011,Friendship – Cordaid Sidr Shelter,40725,Asia & Pacific,Bangladesh,Bagerhat,Sarankhola,22.335,89.8329444444,,moist tropical,river delta,storm/cyclone,storm/cyclone; flood; drought,by NGO/agency,Friendship,,,,,,transitional,rebuild,self-settlement,contract labour,,,2008,5,landowner,owner-occupier,detached,1,3,5.77,7.48,43.1596,,1.54,,1100,,,,,none,pile,concrete,none,none,10,rural,timber,low-lying area,clay,trees,82,none,by foot,,on stilts/pillars/piles,concrete,,,,,,,,,,Posts & Beams,,,,,,,,,,,,,,,,,,,,,,,,,reinforced concrete; timber,,,bolts and nuts,steel,none,none,,earth platform (elevated ground floor),none,,,,,,,,,,,,,,,,,,,,,hip,,beams,timber,,,,,,,,,,,,,,,metal sheeting,,metal sheeting,,none,2,,6,,,,,,,,,,,,,,none,,,,,none,,none,,,0,oil/kerosene lamp,none,on plot,portable stove,wood,,walls,timber,other,none,none,,,,0,0,1,1,0,0,1,1,0,1,1,
BD012,Muslim Aid Shelter,40725,Asia & Pacific,Bangladesh,Bagerhat,Sarankhola,22.3053888889,89.8464166667,,moist tropical,river delta,storm/cyclone,storm/cyclone; flood; drought,by NGO/agency,Muslim Aid,,,,,,permanent,rebuild,self-settlement,community labour,,cash,2008,6,landowner,owner-occupier,detached,1,2,5.75,5.7,32.775,,2.45,,3085,,,,,none,perimeter,bricks,slab,none,90,rural,,low-lying area,clay,trees,41,none,by foot,,strip footing,solid brick (fired clay),,,,,,,,,,Bearing walls,solid brick (fired clay),,,,,,,,,,,,,,,,,,,,,,,,,,,,,,,,slab,none,,,,,,,,,,,,,,,,,,,,,hip,,beams,timber,,,,,,,,,,,,,,,cement plaster,,metal sheeting,,none,2,,4,,,,,,,,,,,,,,none,,,,,none,,none,,,0,oil/kerosene lamp,none,on plot,portable stove,wood,,walls,bricks,cement plaster,timber,none,,,,0,0,1,1,0,0,1,1,0,1,1,
BD013,Care Sidr Shelter,40725,Asia & Pacific,Bangladesh,Bagerhat,Sarankhola,22.3073611111,89.84875,,moist tropical,river delta,storm/cyclone,storm/cyclone; flood; drought,by NGO/agency,Care,,,,,,transitional,rebuild,self-settlement,contract labour,,,2008,4,landowner,owner-occupier,detached,1,1,5.64,4.6,25.944,,2.45,,1500,,,,,none,pile,concrete,none,none,,rural,timber,low-lying area,clay,trees,41,none,by foot,,on stilts/pillars/piles,concrete,,,,,,,,,,Posts & Beams,,,,,,,,,,,,,,,,,,,,,,,,,reinforced concrete; timber,,,bolts and nuts,steel,none,none,,earth platform (elevated ground floor),none,,,,,,,,,,,,,,,,,,,,,gable,,truss,steel,,,,,,,,,,,,,,,bamboo,,metal sheeting,,none,1,,4,,,,,,,on plot,,rainwater collection,,,,,none,,,,,none,,none,,,0,oil/kerosene lamp,none,in shelter,portable stove,wood,,none,none,none,none,none,,,,0,0,0,1,0,0,1,1,0,1,1,
BD014,BDRCS Core Shelter,40725,Asia & Pacific,Bangladesh,Bagerhat,Baraikhali,22.4676111111,89.8578333333,,moist tropical,river delta,storm/cyclone,storm/cyclone; flood; drought,by NGO/agency,BDRCS,,,,,,transitional,rebuild,self-settlement,contract labour,,,2008,4,landowner,owner-occupier,detached,1,3,5.38,5,26.9,,2.1,,870,,,,,none,pile,concrete,none,none,10,rural,timber,low-lying area,clay,trees,62,none,by foot,,on stilts/pillars/piles,concrete,,,,,,,,,,Posts & Beams,,,,,,,,,,,,,,,,,,,,,,,,,reinforced concrete; timber,,,bolts and nuts,steel,bracing,steel,,earth platform (elevated ground floor),none,,,,,,,,,,,,,,,,,,,,,hip,,truss,steel,,,,,,,,,,,,,,,bamboo,,metal sheeting,,none,1,,2,,,,,,,,,,,,,,none,,,,,none,,none,,,0,oil/kerosene lamp,none,in shelter,portable stove,wood,,walls,timber,bamboo,none,none,,,,0,0,0,1,0,0,1,1,0,1,1,
BD015,ATN Bangla TV Shelter,40725,Asia & Pacific,Bangladesh,Bagerhat,Baraikhali,22.4674444444,89.8572777778,,moist tropical,river delta,storm/cyclone,storm/cyclone; flood; drought,by private sector,ATN BANGLA,,,,,,transitional,rebuild,self-settlement,contract labour,,,2009,4,landowner,owner-occupier,detached,1,1,,,0,,,,,,,,,none,pile,concrete,none,none,,rural,timber,low-lying area,clay,trees,,none,by foot,,on stilts/pillars/piles,concrete,,,,,,,,,,Posts & Beams,,,,,,,,,,,,,,,,,,,,,,,,,reinforced concrete; timber,,,bolts and nuts,steel,none,none,,earth platform (elevated ground floor),none,,,,,,,,,,,,,,,,,,,,,gable,,beams,timber,,,,,,,,,,,,,,,metal sheeting,,metal sheeting,,none,1,,0,,,,,,,on plot,,rainwater collection,,,,,none,,,,,none,,none,,,0,oil/kerosene lamp,none,in shelter,portable stove,wood,,none,none,none,none,none,,,,0,0,0,0,0,0,1,0,0,1,0,
BD016,Swiss Red Cross Sidr Shelter,40726,Asia & Pacific,Bangladesh,Bagerhat,Banstala,22.4356666667,89.6497222222,,moist tropical,river delta,storm/cyclone,storm/cyclone; flood; drought,by NGO/agency,Swiss Red Cross,,,,,,transitional,rebuild,self-settlement,contract labour,,,2009,4,landowner,owner-occupier,detached,1,1,5.6,5,28,,2.55,,,,,,,none,pile,concrete,none,none,,rural,steel,low-lying area,clay,trees,62,none,by foot,,on stilts/pillars/piles,concrete,,,,,,,,,,Posts & Beams,,,,,,,,,,,,,,,,,,,,,,,,,reinforced concrete; steel,,,bolts and nuts,steel,none,none,,earth platform (elevated ground floor),none,,,,,,,,,,,,,,,,,,,,,gable,,truss,steel,,,,,,,,,,,,,,,bamboo,,metal sheeting,,none,1,,0,,,,,,,,,,,,,,none,,,,,none,,none,,,0,oil/kerosene lamp,none,on plot,portable stove,wood,,none,none,none,none,none,,,,0,0,0,1,0,0,1,1,0,1,1,
BD017,Arab Emirates Sidr Shelter,40727,Asia & Pacific,Bangladesh,Bagerhat,Amtoli,22.3719722222,89.8798333333,,moist tropical,river delta,storm/cyclone,storm/cyclone; flood; drought,by government,Allahma Fazlullah Foundation,,UAE Government,,,,transitional,relocate,self-settlement,contract labour,,,2008,4,occupancy with no legal status,owner-occupier,detached,1,3,6.72,4.57,30.7104,,2.2,,,,,,,none,perimeter,bricks,slab,concrete,,rural,timber,low-lying area,clay,none,,none,by foot,,strip footing,bricks,,,,,,,,,,Posts & Beams,,,,,,,,,,,,,,,,,,,,,,,,,reinforced concrete; timber,,,bolts and nuts,steel,none,none,,slab,concrete,,,,,,,,,,,,,,,,,,,,,hip,,beams,timber,,,,,,,,,,,,,,,metal sheeting,,metal sheeting,,concrete,1,,4,,,,,,,on plot,,tubewel/borehole,in shelter,,pour flush toilet,single pit,none,,in shelter,,shower,none,,none,,,1,oil/kerosene lamp,none,in shelter,portable stove,wood,,walls,timber,metal sheeting timber,none,none,,,,0,0,0,0,0,1,1,1,0,1,1,
BD018,IFRC\BDRCS Core Shelter,40727,Asia & Pacific,Bangladesh,Bagerhat,Amtoli,22.3712222222,89.8755555556,,moist tropical,river delta,storm/cyclone,storm/cyclone; flood; drought,by NGO/agency,IFRC,,BDRCS,,,,transitional,rebuild,self-settlement,contract labour,,,2009,3,landowner,owner-occupier,detached,1,1,4.475,3.175,14.208125,,2.825,,1412,,,,,none,pile,concrete,none,none,30,rural,,low-lying area,clay,trees,62,none,by foot,,on stilts/pillars/piles,concrete,,,,,,,,,,Posts & Beams,,,,,,,,,,,,,,,,,,,,,,,,,reinforced concrete,,,bolts and nuts,steel,none,none,,earth platform (elevated ground floor),none,,,,,,,,,,,,,,,,,,,,,hip,,truss,steel,,,,,,,,,,,,,,,bamboo,,metal sheeting,,none,1,,4,,,,,,,,,,,,,,none,,,,,none,,none,,,0,oil/kerosene lamp,none,on plot,portable stove,wood,,none,none,none,none,none,,,,0,0,1,1,0,0,1,1,0,1,0,
BD019,IFRC\BDRCS Core Shelter Extended 3,40727,Asia & Pacific,Bangladesh,Bagerhat,Kumarkhali,22.3678611111,89.87525,,moist tropical,river delta,storm/cyclone,storm/cyclone; flood; drought,by NGO/agency,IFRC,,BDRCS,,,,transitional,rebuild,self-settlement,contract labour,,livelihood support,2009,8,landowner,owner-occupier,detached,1,4,6.67,7.39,49.2913,,,,,,,,,none,pile,concrete,none,none,30,rural,,low-lying area,clay,trees,62,none,by foot,,on stilts/pillars/piles,concrete,,,,,,,,,,Posts & Beams,,,,,,,,,,,,,,,,,,,,,,,,,reinforced concrete,,,bolts and nuts,steel,none,none,,earth platform (elevated ground floor),none,,,,,,,,,,,,,,,,,,,,,hip,,truss,steel,,,,,,,,,,,,,,,,,metal sheeting,,none,2,,4,,,,,,,,,,,,,,none,,,,,none,,none,,,2,oil/kerosene lamp,none,on plot,portable stove,wood,,walls,timber,bamboo,none,none,,,,0,0,1,1,0,0,1,1,0,1,1,
BD020,Spanish RC Sidr Shelter,40728,Asia & Pacific,Bangladesh,Bagerhat,Baga,22.6913888889,89.8788611111,,moist tropical,river delta,storm/cyclone,storm/cyclone; flood; drought,by NGO/agency,Spanish Red Cross,,BDRCS,,,,transitional,rebuild,self-settlement,contract labour,,,2009,3,landowner,owner-occupier,detached,1,2,6.8,5.97,40.596,,2.59,,,,,,,none,pile,bricks,slab,concrete,,rural,,low-lying area,clay,trees,120,none,by foot,,on stilts/pillars/piles,solid brick (fired clay),,,,,,,,,,Posts & Beams,,,,,,,,,,,,,,,,,,,,,,,,,reinforced concrete,,,,cement,horizontal/vertical reinforcement,steel,,slab,concrete,,,,,,,,,,,,,,,,,,,,,gable,,truss,steel,,,,,,,,,,,,,,,,,metal sheeting,,concrete,2,,2,,,,,,,,,,,,,,none,,,,,none,,none,,,6,oil/kerosene lamp,none,on plot,portable stove,wood,,walls,concrete,cement plaster,none,none,,,,0,0,0,1,0,0,1,1,0,1,1,
BD021,Self Built Hut,40728,Asia & Pacific,Bangladesh,Bagerhat,Vasha,22.6861111111,89.8679166667,,moist tropical,river delta,storm/cyclone,storm/cyclone; flood; drought,self-built,,,,,,,transitional,relocate,self-settlement,direct labour,,,2009,4,landowner,owner-occupier,detached,1,2,8.1,4.9,39.69,,2.17,,1075,,,,,none,none,none,none,none,10,rural,,low-lying area,clay,trees,62,none,by foot,,none,none,,,,,,,,,,Posts & Beams,,,,,,,,,,,,,,,,,,,,,,,,,timber,,,nails,steel,none,none,,earth platform (elevated ground floor),none,,,,,,,,,,,,,,,,,,,,,hip,,beams,timber,,,,,,,,,,,,,,,bamboo,,thatch,,none,2,,0,,,,,,,,,,,,,,none,,,,,none,,none,,,0,oil/kerosene lamp,none,on plot,portable stove,wood,,none,none,none,none,none,,,,0,0,0,0,0,0,1,1,0,1,1,
NP001,UNHABITAT Koshi Flood Shelters,40765,Asia & Pacific,Nepal,Sunsari,Haripur,26.5616388889,87.0005277778,,moist tropical,plain,flood,earthquake; rockfall/landslide; flood,by NGO/agency,UNHABITAT,,Lumanti,,,,transitional,relocate,planned camp,direct labour,,other,2010,7,occupancy with no legal status,owner-occupier,detached,1,1,5.78,3.76,21.7328,,2.1,3,813,,,,,none,perimeter,bricks,none,none,3,rural,,low-lying area,clay,shrub,677,none,by truck,,strip footing,solid brick (fired clay),,,,,,,,,,Posts & Beams,,,,,,,,,,,,,,,,,,,,,,,,,bamboo,,,bolts and nuts,steel,none,none,,earth platform (elevated ground floor),none,,,,,,,,,,,,,,,,,,,,,gable,,beams,bamboo,,,,,,,,,,,,,,,wattle & daub,,metal sheeting,,none,1,,0,,,,,,,communal,,tubewel/borehole,on plot,,pit latrine with slab,single pit,none,,other,,"river, pond, lake",none,,none,,,0,oil/kerosene lamp,none,on plot,portable stove,wood,,none,none,none,none,none,,,,0,0,0,1,0,1,1,1,0,1,1,
NP002,LWF Bhutanese Refugee Shelters,40766,Asia & Pacific,Nepal,Morang,Sanishare,26.6582777778,87.5540555556,,moist tropical,plain,conflict related,earthquake; rockfall/landslide; flood,by NGO/agency,LWF,,,,,,transitional,relocate,planned camp,direct labour,,other,2011,2,occupancy with no legal status,occupancy with no legal status,detached,1,3,5.5,3.8,20.9,,1.95,2.95,272,,,,,none,none,none,none,none,3,rural,,low-lying area,clay,none,21,none,by car,,none,none,,,,,,,,,,Posts & Beams,,,,,,,,,,,,,,,,,,,,,,,,,bamboo,,,wire,steel,none,none,,earth platform (elevated ground floor),none,,,,,,,,,,,,,,,,,,,,,gable,,beams,bamboo,,,,,,,,,,,,,,,bamboo,,plastic sheeting,,none,2,,6,,,,,,,other,,tanker truck,on plot,,pit latrine with slab,single pit,none,,on plot,,bucket shower,none,,none,,,0,oil/kerosene lamp,none,in shelter,stove,wood,,walls,bamboo,none,bamboo,none,,,,0,0,0,0,0,1,1,1,0,1,1,
NP003,HfH Safe and Build House 1,40766,Asia & Pacific,Nepal,Sunsari,Itahari,26.6656388889,87.2513888889,,moist tropical,plain,other,earthquake; rockfall/landslide; flood,by NGO/agency,Habitat for Humanity,,,,,,transitional,rebuild,self-settlement,direct labour,,,2010,2,landowner,owner-occupier,detached,1,2,6.05,3.35,20.2675,,2.1,3,1018,,,,,none,perimeter,concrete,slab,concrete,20,peri-urban,,low-lying area,clay,shrub,93,none,by truck,,strip footing,concrete,,,,,,,,,,Posts & Beams,,,,,,,,,,,,,,,,,,,,,,,,,bamboo,,,bolts and nuts,steel,none,none,,slab,concrete,,,,,,,,,,,,,,,,,,,,,gable,,beams,bamboo,,,,,,,,,,,,,,,cement plaster,,metal sheeting,,concrete,2,,4,,,,,,,communal,,tubewel/borehole,on plot,,pit latrine with slab,single pit,none,,on plot,,bucket shower,none,,none,,,0,oil/kerosene lamp,electricity (grid),in shelter,portable stove,wood,,walls,adobe,cement plaster,none,none,,,,0,0,0,0,0,0,1,1,0,1,1,
NP004,HfH P-Shelter,40767,Asia & Pacific,Nepal,Morang,Kadamaha,26.4520555556,87.3705555556,,moist tropical,plain,other,earthquake; rockfall/landslide; flood,by NGO/agency,Habitat for Humanity,,,,,,transitional,,,direct labour,,,2011,,no occupancy,no occupancy,detached,1,1,3,3,9,,2.1,2.4,190,,,,,none,none,none,none,none,1,rural,,low-lying area,clay,shrub,,none,by truck,,none,none,,,,,,,,,,Posts & Beams,,,,,,,,,,,,,,,,,,,,,,,,,bamboo,,,bolts and nuts,steel,none,none,,earth platform (elevated ground floor),none,,,,,,,,,,,,,,,,,,,,,shed,,beams,bamboo,,,,,,,,,,,,,,,mud plaster,,plastic sheeting,,none,1,,1,,,,,,,other,,,other,,no facilities or bush or field,none,none,,other,,"river, pond, lake",none,,none,,,1,none,none,other,none,other,,none,none,none,none,none,,,,0,0,0,0,0,1,1,1,0,1,0,
NP005,DUDBC housing,40767,Asia & Pacific,Nepal,Saptari,Ghoghanpur,26.6619444444,86.9258333333,,moist tropical,plain,other,earthquake; rockfall/landslide; flood,by government,DUDBC,,,,,,permanent,rebuild,self-settlement,community labour,,,2010,6,landowner,owner-occupier,detached,1,2,6.65,,0,,,,1890,,,,,none,perimeter,bricks,slab,concrete,60,rural,,low-lying area,clay,trees,339,none,by foot,,strip footing,solid brick (fired clay),,,,,,,,,,Bearing walls,solid brick (fired clay),,,,,,,,,,,,,,,,,,,,,,,,,,,,,,,,slab,concrete,,,,,,,,,,,,,,,,,,,,,gable,,beams,bamboo,,,,,,,,,,,,,,,none,,metal sheeting,,concrete,2,,2,,,,,,,communal,,tubewel/borehole,other,,no facilities or bush or field,none,none,,on plot,,"river, pond, lake",none,,none,,,2,oil/kerosene lamp,none,on plot,portable stove,wood,,walls,bamboo,none,none,none,,,,0,0,0,1,0,0,1,1,0,1,1,
NP006,Selfbuilt Traditional House,40767,Asia & Pacific,Nepal,Saptari,Ghoghanpur,26.6634444444,86.9240277778,,moist tropical,plain,other,earthquake; rockfall/landslide; flood,self-built,,,,,,,transitional,,self-settlement,direct labour,,,2007,6,landowner,owner-occupier,detached,1,1,4.6,4,18.4,,2.3,3.9,,,,,,none,none,none,none,none,,rural,,low-lying area,clay,trees,,none,by foot,,none,none,,,,,,,,,,Posts & Beams,,,,,,,,,,,,,,,,,,,,,,,,,timber,,,lashings,organic,none,none,,earth platform (elevated ground floor),none,,,,,,,,,,,,,,,,,,,,,gable,,beams,bamboo,,,,,,,,,,,,,,,wattle & daub,,thatch,,none,1,,1,,,,,,,communal,,tubewel/borehole,other,,no facilities or bush or field,none,none,,other,,"river, pond, lake",none,,none,,,0,oil/kerosene lamp,none,in shelter,portable stove,wood,,none,none,none,none,none,,,,0,0,0,0,0,1,1,1,0,1,0,
NP007,IFRC|NRCS 02\03 Shelter,40768,Asia & Pacific,Nepal,Danusha,Dhanusaham,26.8290833333,86.0523055556,,moist tropical,plain,flood,earthquake; rockfall/landslide; flood,by NGO/agency,IFRC\NRCS,,,,,,permanent,relocate,planned camp,community labour,,,2003,8,occupancy with no legal status,owner-occupier,row-house,1,2,6.3,4.85,30.555,,3,3.85,,,,,,none,perimeter,bricks,slab,concrete,90,rural,,low-lying area,clay,shrub,170,none,by car,,strip footing,solid brick (fired clay),,,,,,,,,,Bearing walls,solid brick (fired clay),,,,,,,,,,,,,,,,,,,,,,,,,,,,,,,,slab,concrete,,,,,,,,,,,,,,,,,,,,,gable,,beams,steel,,,,,,,,,,,,,,,cement plaster,,metal sheeting,,concrete,2,,3,,,,,,,communal,,tubewel/borehole,on plot,,pit latrine with slab,single pit,none,,other,,"river, pond, lake",none,,none,,,0,none,electricity (grid),on plot,portable stove,wood,,walls,bricks,cement plaster,none,none,,,,0,0,0,0,0,1,1,1,0,1,1,
NP008,Caritas Dhanusha House,40768,Asia & Pacific,Nepal,Dhanusha,Deuri,26.7020833333,85.9909444444,,moist tropical,plain,flood,earthquake; rockfall/landslide; flood,by NGO/agency,Caritas,,,,,,transitional,rebuild,self-settlement,direct labour,,,2008,5,landowner,owner-occupier,detached,1,2,5.35,3.9,20.865,,2.3,2.8,230,,,,,none,pile,concrete,none,none,5,rural,,low-lying area,clay,none,170,none,by car,,on stilts/pillars/piles,concrete,,,,,,,,,,Posts & Beams,,,,,,,,,,,,,,,,,,,,,,,,,timber,,,lashings,organic,none,none,,earth platform (elevated ground floor),none,,,,,,,,,,,,,,,,,,,,,gable,,beams,bamboo,,,,,,,,,,,,,,,wattle & daub,,clay tiles,,none,2,,0,,,,,,,communal,,tubewel/borehole,other,,no facilities or bush or field,none,none,,other,,"river, pond, lake",none,,none,,,1,oil/kerosene lamp,electricity (grid),on plot,portable stove,wood,,half walls,bamboo,mud plaster,none,none,,,,0,0,0,0,0,1,1,1,0,1,1,
NP009,Lumanti Bharatpur House 1,40772,Asia & Pacific,Nepal,Chitwan,Salyani,27.6515,84.4513333333,,moist tropical,plain,other,earthquake; rockfall/landslide; flood,by NGO/agency,Lumanti,,,,,,permanent,relocate,self-settlement,direct labour,,,2008,5,occupancy with no legal status,owner-occupier,detached,1,2,6.82,4.9,33.418,,2.8,3.4,5464,,,,,none,perimeter,stones,slab,concrete,90,rural,,low-lying area,clay,shrub,63,none,by truck,,strip footing,stone,,,,,,,,,,Bearing walls,solid brick (fired clay),,,,,,,,,,,,,,,,,,,,,,,,,,,,,,,,slab,concrete,,,,,,,,,,,,,,,,,,,,,gable,,beams,steel,,,,,,,,,,,,,,,none,,metal sheeting,,concrete,2,,2,,,,,,,communal,,tubewel/borehole,on plot,,pit latrine with slab,single pit,none,,on plot,,"river, pond, lake",none,,none,,,0,oil/kerosene lamp,electricity (grid),on plot,portable stove,wood,,half walls,bricks,none,none,none,,,,0,0,0,0,0,1,1,1,0,1,1,
NP010,Lumanti Bharatpur House 2,40772,Asia & Pacific,Nepal,Chitwan,Salyani,27.6533611111,84.4505277778,,moist tropical,plain,other,earthquake; rockfall/landslide; flood,by NGO/agency,Lumanti,,,,,,transitional,relocate,self-settlement,direct labour,,,2008,4,occupancy with no legal status,owner-occupier,detached,1,1,4.5,5.2,23.4,,1.7,2.85,1025,,,,,none,none,none,none,none,15,rural,,low-lying area,clay,shrub,63,none,by truck,,none,none,,,,,,,,,,Posts & Beams,,,,,,,,,,,,,,,,,,,,,,,,,reinforced concrete,,,wire,steel,none,none,,earth platform (elevated ground floor),none,,,,,,,,,,,,,,,,,,,,,gable,,beams,bamboo,,,,,,,,,,,,,,,wattle & daub,,metal sheeting,,none,1,,0,,,,,,,communal,,tubewel/borehole,on plot,,pit latrine with slab,single pit,none,,on plot,,"river, pond, lake",none,,fan,,,0,oil/kerosene lamp,electricity (grid),in shelter,portable stove,wood,,none,none,none,none,none,,,,0,0,0,0,0,1,1,1,0,1,1,
NP011,IFRC\NRCS 02\03 Shelter extended,37121,Asia & Pacific,Nepal,Chitwan,Jagatpur,27.5733611111,84.3306666667,,moist tropical,plain,flood,earthquake; rockfall/landslide; flood,by NGO/agency,IFRC\NRCS,,,,,,permanent,relocate,planned camp,contract labour,,,2002,3,occupancy with no legal status,owner-occupier,row-house,1,2,6.3,4.6,28.98,,2.78,3.55,1775,,,,,none,perimeter,bricks,slab,concrete,,rural,,low-lying area,clay,shrub,102,none,by car,,strip footing,bricks,,,,,,,,,,Bearing walls,hollow concrete block,,,,,,,,,,,,,,,,,,,,,,,,,,,,,,,,slab,concrete,,,,,,,,,,,,,,,,,,,,,gable,,beams,steel,,,,,,,,,,,,,,,none,,metal sheeting,,concrete,2,,4,,,,,,,communal,,tubewel/borehole,on plot,,pit latrine with slab,single pit,none,,on plot,,"river, pond, lake",none,,fan,,,0,electrical powered lamp,electricity (grid),in shelter,portable stove,wood,,walls,block,none,none,none,,,,0,0,0,1,0,1,1,1,0,1,1,
NP012,Caritas 2003,40773,Asia & Pacific,Nepal,Chitwan,Ghailaghari,27.5618888889,84.3292777778,,moist tropical,plain,flood,earthquake; rockfall/landslide; flood,by NGO/agency,Caritas,,,,,,permanent,rebuild,self-settlement,direct labour,,,2003,4,landowner,owner-occupier,detached,1,3,6.85,6,41.1,,2.6,3.55,2751,,,,,none,perimeter,bricks,slab,concrete,15,rural,,low-lying area,clay,trees,254,none,by car,,strip footing,bricks,,,,,,,,,,Posts & Beams,,,,,,,,,,,,,,,,,,,,,,,,,other,,,mortar,cement,none,none,,slab,concrete,,,,,,,,,,,,,,,,,,,,,gable,,beams,steel,,,,,,,,,,,,,,,none,,metal sheeting,,concrete,3,,2,,,,,,,communal,,tubewel/borehole,other,,pit latrine without slab,single pit,none,,other,,"river, pond, lake",none,,none,,,8,oil/kerosene lamp,electricity (grid),in shelter,portable stove,wood,,screens,bamboo,none,none,none,,,,0,0,0,0,0,1,1,1,0,1,1,
NP013,King Mahendra Trust Shelter Support,40773,Asia & Pacific,Nepal,Chitwan,Ghailaghari,27.5591388889,84.3338333333,,moist tropical,plain,flood,earthquake; rockfall/landslide; flood,by NGO/agency,King Mahendra Trust,,,,,,transitional,rebuild,self-settlement,self-help,,,2002,4,landowner,owner-occupier,detached,1,3,12.5,4.3,53.75,,2.7,3.3,2751,,,,,none,none,none,none,none,30,rural,,low-lying area,clay,shrub,,none,by truck,,none,none,,,,,,,,,,Posts & Beams,,,,,,,,,,,,,,,,,,,,,,,,,reinforced concrete,,,wire,steel,none,none,,earth platform (elevated ground floor),none,,,,,,,,,,,,,,,,,,,,,gable,,beams,steel,,,,,,,,,,,,,,,wattle & daub,,metal sheeting,,none,1,,0,,,,,,,communal,,tubewel/borehole,on plot,,pit latrine with slab,single pit,none,,other,,"river, pond, lake",none,,none,,,3,electrical powered lamp,electricity (grid),in shelter,portable stove,wood,,walls,mudplaster,none,none,none,,,,0,0,0,0,0,1,1,1,0,1,1,
NP014,Lumanti Kirtipur Housing Project,40774,Asia & Pacific,Nepal,Kathmandu,Kirtipur,27.68075,85.2735555556,,moist tropical,plain,other,earthquake; rockfall/landslide; flood,by NGO/agency,Lumanti,,,,,,permanent,relocate,planned camp,contract labour,,,2005,4,occupancy with no legal status,owner-occupier,row-house,2,4,,,0,,,,9510,,,,,closed,pile,concrete,slab,concrete,,peri-urban,,undulating,clay,none,48,(permeable) pavement,by foot,,on stilts/pillars/piles,concrete,,,,,,,,,,Posts & Beams,,,,,,,,,,,,,,,,,,,,,,,,,reinforced concrete,,,mortar,cement,horizontal/vertical reinforcement,steel,,slab,concrete,,,,,,,,,,,,,,,,,,,,,gable,,beams,steel,,,,,,,,,,,,,,,bricks,,metal sheeting,,concrete,3,,4,,,,,,,communal,,tubewel/borehole,in shelter,,pit latrine with slab,single pit,covered drains,,in shelter,,other,none,,none,,,0,electrical powered lamp,electricity (grid),in shelter,portable stove,gas,,walls,bricks,none,none,none,,,,0,0,0,0,0,1,1,1,0,1,1,
NP015,Luxembourg RC Shelter Support,40778,Asia & Pacific,Nepal,Kailali,Khailad,28.5071388889,80.9521666667,,moist tropical,plain,flood,earthquake; rockfall/landslide; flood,by NGO/agency,LCR\NRCS,,,,,,transitional,rebuild,self-settlement,direct labour,,,2010,9,landowner,owner-occupier,detached,2,4,6.4,4.65,29.76,,3.4,4.1,1350,,,,,none,none,none,none,none,20,rural,,low-lying area,clay,trees,170,none,by foot,,none,none,,,,,,,,,,Posts & Beams,,,,,,,,,,,,,,,,,,,,,,,,,timber,,,none,none,none,none,,earth platform (elevated ground floor),none,,,,,,,,,,,,,,,,,,,,,gable,,beams,timber,,,,,,,,,,,,,,,wattle & daub,,metal sheeting,,none,1,,0,,,,,,,communal,,tubewel/borehole,other,,no facilities or bush or field,none,none,,on plot,,bucket shower,none,,none,,,4,oil/kerosene lamp,electricity (grid),in shelter,portable stove,wood,,walls,timber,mud plaster,none,none,,,,0,0,0,0,0,1,1,1,0,1,1,
NP016,HfH Safe and Build House 2,40779,Asia & Pacific,Nepal,Kailali,Tikapur,28.5360555556,81.1495277778,,moist tropical,plain,other,earthquake; rockfall/landslide; flood,by NGO/agency,Habitat for Humanity,,,,,,transitional,relocate,self-settlement,direct labour,,,2011,6,occupancy with no legal status,owner-occupier,detached,1,2,6.8,5.95,40.46,,1.85,2.74,880,,,,,none,perimeter,stones,none,none,5,rural,bricks,low-lying area,clay,trees,339,none,by truck,,strip footing,stone,,,,,,,,,,Bearing walls,adobe/ sun-dried brick,,,,,,,,,,,,,,,,,,,,,,,,,,,,,,,,earth platform (elevated ground floor),none,,,,,,,,,,,,,,,,,,,,,gable,,beams,timber,,,,,,,,,,,,,,,mudplaster,,metal sheeting,,none,2,,2,,,,,,,communal,,tubewel/borehole,on plot,,other,,none,,on plot,,bucket shower,none,,none,,,0,electrical powered lamp,electricity (grid),in shelter,portable stove,wood,,walls,adobe/ sun-dried brick,mud plaster,none,none,,,,0,0,0,0,0,1,1,1,0,1,1,
NP017,HfH Safe and Build House 3,40779,Asia & Pacific,Nepal,Kailali,Tikapur,28.5306666667,81.1538333333,,moist tropical,plain,other,earthquake; rockfall/landslide; flood,by NGO/agency,Habitat for Humanity,,,,,,permanent,relocate,self-settlement,direct labour,,,2010,4,landowner,owner-occupier,detached,1,4,9.09,7.8,70.902,,2.4,3.3,3133,,,,,none,perimeter,bricks,slab,concrete,20,rural,concrete,low-lying area,clay,trees,678,none,by truck,,strip footing,solid brick (fired clay),,,,,,,,,,Bearing walls,hollow concrete block,,,,,,,,,,,,,,,,,,,,,,,,,,,,,,,,slab,concrete,,,,,,,,,,,,,,,,,,,,,gable,,beams,timber,,,,,,,,,,,,,,,cement plaster,,corrugated fibre cement sheeting,,concrete,1,,6,,,,,,,communal,,tubewel/borehole,on plot,,pit latrine with slab,single pit,none,,on plot,,bucket shower,none,,fan,,,0,electrical powered lamp,electricity (grid),on plot,portable stove,wood,,walls,block,none,none,none,,,,0,0,0,0,0,1,1,1,0,1,1,
NP018,Save the Childeren house,40779,Asia & Pacific,Nepal,Kailali,Himmatpur,28.68,80.9523055556,,moist tropical,plain,other,earthquake; rockfall/landslide; flood,by NGO/agency,Save the Childeren,,BASE,,,,permanent,relocate,self-settlement,community labour,,,2004,6,occupancy with no legal status,owner-occupier,detached,1,2,6.8,3.95,26.86,,2.35,3,813,,,,,none,perimeter,bricks,slab,concrete,30,rural,,undulating,clay,shrub,1696,none,by foot,,strip footing,solid brick (fired clay),,,,,,,,,,Bearing walls,solid brick (fired clay),,,,,,,,,,,,,,,,,,,,,,,,,,,,,,,,slab,concrete,,,,,,,,,,,,,,,,,,,,,gable,,beams,timber,,,,,,,,,,,,,,,cement plaster,,metal sheeting,,concrete,3,,4,,,,,,,communal,,tubewel/borehole,on plot,,pit latrine with slab,single pit,none,,communal,,bucket shower,none,,none,,,0,electrical powered lamp,electricity (grid),on plot,portable stove,wood,,walls,bricks,cement plaster,none,none,,,,0,0,0,0,0,1,1,1,0,1,1,
NP019,HfH Safe and Build House 4,40779,Asia & Pacific,Nepal,Kailali,Tilkanya,28.7234166667,80.9971666667,,moist tropical,plain,other,earthquake; rockfall/landslide; flood,by NGO/agency,Habitat for Humanity,,ADRA Nepal,,,,transitional,relocate,self-settlement,direct labour,,,2008,4,landowner,owner-occupier,detached,1,2,6.26,4.6,28.796,,2.25,3.3,,,,,,none,perimeter,stones,slab,concrete,12,rural,,low-lying area,clay,shrub,1696,none,by foot,,strip footing,stone,,,,,,,,,,Posts & Beams,,,,,,,,,,,,,,,,,,,,,,,,,timber,,,bolts and nuts,bolts and nuts,none,none,,slab,concrete,,,,,,,,,,,,,,,,,,,,,gable,,beams,timber,,,,,,,,,,,,,,,cement plaster,,concrete tiles,,concrete,2,,5,,,,,,,communal,,tubewel/borehole,other,,no facilities or bush or field,none,none,,communal,,bucket shower,none,,none,,,0,electrical powered lamp,solar,on plot,portable stove,wood,,half walls,timber,cement plaster,none,none,,,,0,0,0,0,0,1,1,1,0,1,1,
NP020,LWF Freed Kamaiya House,40779,Asia & Pacific,Nepal,Kailali,Aamphata,28.7140555556,80.986,,moist tropical,plain,other,earthquake; rockfall/landslide; flood,by NGO/agency,LWF,,,,,,permanent,relocate,self-settlement,direct labour,,,2004,5,landowner,owner-occupier,detached,1,2,6.5,3.95,25.675,,2.75,3,1350,,,,,none,perimeter,stones,slab,concrete,10,rural,,low-lying area,clay,shrub,,none,by car,,strip footing,stone,,,,,,,,,,Bearing walls,solid brick (fired clay),,,,,,,,,,,,,,,,,,,,,,,,,,,,,,,,slab,concrete,,,,,,,,,,,,,,,,,,,,,gable,,beams,timber,,,,,,,,,,,,,,,none,,metal sheeting,,concrete,1,,4,,,,,,,on plot,,tubewel/borehole,on plot,,pit latrine with slab,single pit,none,,on plot,,bucket shower,none,,none,,,0,oil/kerosene lamp,none,on plot,portable stove,wood,,walls,wood,mud plaster,none,none,,,,0,0,0,0,0,1,1,1,0,1,0,
NP021,Luxembourg RC Shelter 1,40415,Asia & Pacific,Nepal,Kanchanpur,Banara,28.8866666667,80.3953611111,,moist tropical,plain,flood,earthquake; rockfall/landslide; flood,by NGO/agency,LCR\NRCS,,,,,,transitional,rebuild,self-settlement,community labour,,,2010,7,landowner,owner-occupier,detached,1,1,5.97,5,29.85,,1.6,2.6,1350,,,,,none,none,none,beams,timber,10,rural,,low-lying area,clay,shrub,1696,none,by foot,,none,none,,,,,,,,,,Posts & Beams,,,,,,,,,,,,,,,,,,,,,,,,,timber,,,flexible,various,none,none,,beam and blocks/ beam fill floor (concrete joists and infill blocks),timber,,,,,,,,,,,,,,,,,,,,,gable,,beams,timber,,,,,,,,,,,,,,,wattle & daub,,clay tiles,,timber,1,,3,,,,,,,on plot,,tubewel/borehole,other,,pit latrine without slab,single pit,none,,on plot,,bucket shower,none,,none,,,0,oil/kerosene lamp,electricity (grid),on plot,portable stove,wood,,none,none,none,none,none,,,,0,0,0,0,0,1,1,1,0,1,1,
NP022,Luxembourg RC Shelter 2,40415,Asia & Pacific,Nepal,Kanchanpur,Banara,28.8878888889,80.3958888889,,moist tropical,plain,flood,earthquake; rockfall/landslide; flood,by NGO/agency,LCR\NRCS,,,,,,transitional,rebuild,self-settlement,community labour,,,2010,11,landowner,owner-occupier,detached,1,2,5.73,4.93,28.2489,,1.7,2.45,1350,,,,,none,none,none,beams,timber,12,rural,,low-lying area,clay,shrub,1696,none,by foot,,none,none,,,,,,,,,,Posts & Beams,,,,,,,,,,,,,,,,,,,,,,,,,timber,,,flexible,various,none,none,,beam and blocks/ beam fill floor (concrete joists and infill blocks),timber,,,,,,,,,,,,,,,,,,,,,gable,,beams,timber,,,,,,,,,,,,,,,wattle & daub,,clay tiles,,timber,2,,4,,,,,,,on plot,,tubewel/borehole,other,,pit latrine without slab,single pit,none,,on plot,,bucket shower,none,,fan,,,0,electrical powered lamp,electricity (grid),on plot,portable stove,wood,,walls,wood,mud plaster,none,none,,,,0,0,0,0,0,1,1,1,0,1,1,
NP023,UNPark Kathmandu Squatter House,40782,Asia & Pacific,Nepal,Kathmandu,Kathmandu,27.6878333333,85.3226944444,,moist tropical,valley,other,earthquake; rockfall/landslide; flood,self-built,,,,,,,transitional,,self-settlement,self-help,,,2007,6,occupancy with no legal status,owner-occupier,detached,1,1,4.08,6.2,25.296,,1.4,2,950,,,,,none,none,none,none,none,6,urban,,low-lying area,clay,none,60,none,by foot,,none,none,,,,,,,,,,Posts & Beams,,,,,,,,,,,,,,,,,,,,,,,,,bamboo,,,wire,wire,none,none,,earth platform (elevated ground floor),none,,,,,,,,,,,,,,,,,,,,,gable,,beams,bamboo,,,,,,,,,,,,,,,plastic,,plastic sheeting,,none,2,,0,,,,,,,communal,,tubewel/borehole,other,,pit latrine without slab,,none,,communal,,bucket shower,none,,none,,,0,oil/kerosene lamp,none,in shelter,portable stove,wood,,none,none,none,none,none,,,,0,0,0,0,0,1,1,1,0,1,1,
PH001,IFRC shelter repair kit 1,40840,Asia & Pacific,Philippines,Bulacan,Baliuag,14.9558888889,120.905111111,,moist tropical,plain,storm/cyclone,storm/cyclone; rockfall/landslides; earthquake; tsunami,self-built,IFRC,,PRC,,,,transitional,repair,self-settlement,self-help,,shelter construction items,2010,2,occupancy with no legal status,house/apartment owner-occupier,detached,2,3,,,0,,,,,,,,,none,slab,concrete,slab,concrete,,peri-urban,flexible,low-lying area,sand,trees,60,none,by foot,,monolithic slab,concrete,,,,,,,,,,Posts & Beams,,,,,,,,,,,,,,,,,,,,,,,,,timber,,,nails,steel,none,none,,slab,concrete,,,,,,,,,,,,,,,,,,,,,gable,,beams,various,,,,,,,,,,,,,,,,,communal,,concrete,4,,0,,,,,,,communal,,common well,in shelter,,pour flush toilet,,none,,other,,none,none,,none,,,0,electrical powered lamp,electricity (grid),in shelter,portable stove,wood,,walls,timber,none,none,none,,,,0,0,0,0,0,1,1,1,0,1,,
PH002,IFRC\PRC Bulacan,40840,Asia & Pacific,Philippines,Bulacan,San Roque,15.00675,120.890583333,,moist tropical,plain,storm/cyclone,storm/cyclone; rockfall/landslides; earthquake; tsunami,by NGO/agency,IFRC,,PRC,,,,transitional,relocate,planned camp,self-help,,livelihood support,2010,4,occupancy with no legal status,house/apartment owner-occupier,detached,1,3,,,0,,,,,,,,,open,pile,concrete,slab,concrete,25,peri-urban,rigid,low-lying area,sand,none,48,compacted earth,by truck,,on stilts/pillars/piles,concrete,,,,,,,,,,Posts & Beams,,,,,,,,,,,,,,,,,,,,,,,,,timber,,,nails,steel,bracing,timber,,slab,concrete,,,,,,,,,,,,,,,,,,,,,gable,,truss,bamboo,,,,,,,,,,,,,,,,,other,,concrete,5,,0,,,,,,,in shelter,,other,in shelter,,ventilated improved pit latrine (VIP),,open drains,,other,,none,none,,none,,,0,oil/kerosene lamp,electricity (battery),in shelter,portable stove,gas,,curtains,textile,none,none,none,,,,0,0,0,0,0,1,1,1,0,1,,
PH003,CRS\BDO housing,40841,Asia & Pacific,Philippines,Bulacan,Calumpit,14.88375,120.793083333,,moist tropical,plain,storm/cyclone,storm/cyclone; rockfall/landslides; earthquake; tsunami,by private sector,Christian Relief Services,,BDO,,,,permanent,relocate,planned camp,contract labour,,,1991,5,occupancy with no legal status,house/apartment owner-occupier,row-house,1,4,,,0,,,,4000,,,,,open,perimeter,concrete,slab,concrete,,peri-urban,rigid,low-lying area,sand,none,,concrete,by truck,,strip footing,concrete,,,,,,,,,,Bearing walls,concrete block (solid),,,,,,,,,,,,,,,,,,,,,,,,,,,,,,,,slab,concrete,,,,,,,,,,,,,,,,,,,,,shed,,steel,other,,,,,,,,,,,,,,,,,in shelter,,concrete,3,,0,,,,,,,in shelter,,piped water,in shelter,,piped sewer system,,open drains,,other,,none,none,,fan,,,0,electrical powered lamp,electricity (grid),in shelter,portable stove,gas,,walls,concrete,paint,plywood,paint,,,,0,0,0,0,0,1,1,1,0,1,,
PH004,NHA housing extended,40841,Asia & Pacific,Philippines,Bulacan,Calumpit,14.8995277778,120.765416667,,moist tropical,plain,other,storm/cyclone; rockfall/landslides; earthquake; tsunami,by government,National Housing Agency,,,,,,permanent,relocate,planned camp,contract labour,,,2006,4,occupancy with no legal status,house/apartment owner-occupier,semi-detached,2,4,,,0,,,,2940,,,,,closed,perimeter,concrete,slab,concrete,,peri-urban,rigid,low-lying area,sand,none,40,concrete,by truck,,strip footing,concrete,,,,,,,,,,Bearing walls,concrete block (solid),,,,,,,,,,,,,,,,,,,,,,,,,,,,,,,,slab,concrete,,,,,,,,,,,,,,,,,,,,,gable,,timber,concrete hollow blocks,,,,,,,,,,,,,,,,,in shelter,,concrete,5,,0,,,,,,,in shelter,,piped water,in shelter,,piped sewer system,,covered drains,,other,,none,none,,fan,,,0,electrical powered lamp,electricity (grid),in shelter,portable stove,gas,,walls,block,cement plaster,none,none,,,,0,0,0,0,0,1,1,1,0,1,,
PH005,IFRC\PRC Pangasinan 1,40842,Asia & Pacific,Philippines,Pangasinan,Dagupan City,16.0775277778,120.33775,,moist tropical,plain,storm/cyclone,storm/cyclone; rockfall/landslides; earthquake; tsunami,by NGO/agency,IFRC,,PRC,,,,transitional,relocate,planned camp,direct labour,,livelihood support,2011,2,occupancy with no legal status,house/apartment owner-occupier,detached,1,2,,,0,,,,,,,,,open,pile,concrete,slab,concrete,14,rural,rigid,low-lying area,sand,none,48,concrete,by truck,,on stilts/pillars/piles,concrete,,,,,,,,,,Posts & Beams,,,,,,,,,,,,,,,,,,,,,,,,,other,,,nails,steel,none,none,,slab,concrete,,,,,,,,,,,,,,,,,,,,,gable,,timber,bamboo,,,,,,,,,,,,,,,,,communal,,concrete,2,,0,,,,,,,in shelter,,piped water,in shelter,,ventilated improved pit latrine (VIP),,open drains,,other,,none,none,,none,,,0,oil/kerosene lamp,none,in shelter,portable stove,wood,,curtains,textile,none,none,none,,,,0,0,0,0,0,1,1,1,0,1,,
PH006,GK Pangasinan,40842,Asia & Pacific,Philippines,Pangasinan,Dagupan City,16.0771666667,120.336444444,,moist tropical,plain,other,storm/cyclone; rockfall/landslides; earthquake; tsunami,by NGO/agency,Gawad Kalinga,,,,,,permanent,relocate,planned camp,contract labour,,,2006,6,occupancy with no legal status,house/apartment owner-occupier,semi-detached,1,4,,,0,,,,,,,,,closed,perimeter,concrete,slab,concrete,,rural,rigid,low-lying area,sand,none,,concrete,by truck,,strip footing,concrete,,,,,,,,,,Bearing walls,other,,,,,,,,,,,,,,,,,,,,,,,,,,,,,,,,slab,concrete,,,,,,,,,,,,,,,,,,,,,shed,,timber,concrete hollow blocks,,,,,,,,,,,,,,,,,other,,concrete,3,,0,,,,,,,in shelter,,other,in shelter,,piped sewer system,,covered drains,,other,,none,none,,none,,,0,electrical powered lamp,electricity (grid),in shelter,portable stove,wood,,walls,timber,plywood,none,none,,,,0,0,0,0,0,1,1,1,0,1,,
PH007,IFRC\PRC Pangasinan 2,40842,Asia & Pacific,Philippines,Pangasinan,Rosales,15.8926111111,120.661916667,,moist tropical,plain,storm/cyclone,storm/cyclone; rockfall/landslides; earthquake; tsunami,by NGO/agency,IFRC,,PRC,,,,transitional,relocate,planned camp,direct labour,,livelihood support,2010,3,occupancy with no legal status,house/apartment owner-occupier,detached,1,1,,,0,,,,,,,,,open,pile,concrete,none,none,14,rural,rigid,undulating,sand,shrub,49,none,by car,,on stilts/pillars/piles,concrete,,,,,,,,,,Posts & Beams,,,,,,,,,,,,,,,,,,,,,,,,,timber,,,nails,steel,none,none,,earth platform (elevated ground floor),none,,,,,,,,,,,,,,,,,,,,,gable,,truss,bamboo,,,,,,,,,,,,,,,,,communal,,none,0,,0,,,,,,,communal,,common well,in shelter,,septic tank,,open drains,,other,,none,none,,none,,,0,none,none,in shelter,portable stove,wood,,none,none,none,none,none,,,,0,0,0,0,0,1,1,1,0,1,,
PH008,DSWD,40873,Asia & Pacific,Philippines,Pangasinan,Rosales,15.8728888889,120.621944444,,moist tropical,plain,storm/cyclone,storm/cyclone; rockfall/landslides; earthquake; tsunami,by government,Department of Social Welfare & Development,,,,,,permanent,relocate,planned camp,contract labour,,,2010,6,landowner,house/apartment owner-occupier,detached,1,2,4,5,20,,,,1200,,,,,open,perimeter,concrete,slab,concrete,15,rural,rigid,low-lying area,sand,none,60,concrete,by truck,,strip footing,concrete,,,,,,,,,,Bearing walls,concrete block (solid),,,,,,,,,,,,,,,,,,,,,,,,,,,,,,,,slab,concrete,,,,,,,,,,,,,,,,,,,,,hip,,truss,concrete hollow blocks,,,,,,,,,,,,,,,,,communal,,concrete,7,,0,,,,,,,communal,,common well,in shelter,,pour flush toilet,,open drains,,other,,none,none,,none,,,0,oil/kerosene lamp,none,in shelter,portable stove,wood,,walls,block,cement plaster,none,none,,,,0,0,0,0,0,1,1,1,0,1,,
PH009,IFRC\PRC extended,40873,Asia & Pacific,Philippines,Pangasinan,Bayambang,15.8291944444,120.458611111,,moist tropical,plain,storm/cyclone,storm/cyclone; rockfall/landslides; earthquake; tsunami,by NGO/agency,IFRC,,PRC,,,,transitional,relocate,host family,direct labour,,livelihood support,2010,5,landowner,house/apartment owner-occupier,detached,1,3,,,0,,,,,,,,,none,pile,concrete,slab,concrete,,peri-urban,rigid,low-lying area,sand,shrub,,compacted earth,by car,,on stilts/pillars/piles,concrete,,,,,,,,,,Posts & Beams,,,,,,,,,,,,,,,,,,,,,,,,,other,,,nails,steel,none,none,,slab,concrete,,,,,,,,,,,,,,,,,,,,,gable,,truss,bamboo,,,,,,,,,,,,,,,,,in shelter,,concrete,4,,0,,,,,,,in shelter,,piped water,in shelter,,ventilated improved pit latrine (VIP),,none,,in shelter,,other,stove,,fan,,,0,electrical powered lamp,electricity (grid),in shelter,portable stove,gas,,walls,timber,plywood,none,none,,,,0,0,0,0,0,1,1,1,0,1,,
PH010,GRC\SRC Benguet,40874,Asia & Pacific,Philippines,Benguet,Tabaan Norte,16.33675,120.503555556,,moist tropical,mountains,storm/cyclone,storm/cyclone; rockfall/landslides; earthquake; tsunami,by NGO/agency,GRC\SRC,,PRC,,,,transitional,rebuild,self-settlement,direct labour,,,2010,4,landowner,house/apartment owner-occupier,detached,1,4,5,4,20,,,,2165,,,,,none,pile,concrete,slab,concrete,30,rural,rigid,in terrace,sand,trees,300,none,by foot,,on stilts/pillars/piles,concrete,,,,,,,,,,Framed walls,,,,,,,,,,timber,,nails,,,,,bracing,timber,,,,,,,,,,,,,,,slab,concrete,,,,,,,,,,,,,,,,,,,,,gable,,truss,steel sheeting,,,,,,,,,,,,,,,,,in shelter,,concrete,6,,0,,,,,,,in shelter,,piped water,in shelter,,ventilated improved pit latrine (VIP),,none,,other,,none,none,,none,,,0,electrical powered lamp,electricity (grid),in shelter,portable stove,wood,,walls,timber,timber,plywood,none,,,,0,0,0,0,0,1,1,1,0,1,,
PH011,GK Benguet,40875,Asia & Pacific,Philippines,Benguet,Tuba,16.3192777778,120.616194444,,moist tropical,mountains,other,storm/cyclone; rockfall/landslides; earthquake; tsunami,by NGO/agency,Gawad Kalinga,,,,,,permanent,relocate,planned camp,various,,,2006,5,landowner,house/apartment owner-occupier,semi-detached,2,3,,,0,,,,2280,,,,,none,perimeter,concrete,slab,concrete,15,rural,rigid,in terrace,rock,trees,40,compacted earth,by car,,strip footing,concrete,,,,,,,,,,Bearing walls,concrete block (solid),,,,,,,,,,,,,,,,,,,,,,,,,,,,,,,,slab,concrete,,,,,,,,,,,,,,,,,,,,,gable,,truss,concrete hollow blocks,,,,,,,,,,,,,,,,,in shelter,,concrete,4,,1,,,,,,,in shelter,,piped water,in shelter,,pour flush toilet,,none,,other,,none,none,,none,,,1,electrical powered lamp,electricity (grid),in shelter,portable stove,gas,,walls,timber,plywood,none,none,,,,0,0,0,0,0,1,1,1,0,1,,
PH012,IFRC shelter repair kit 2,40850,Asia & Pacific,Philippines,Rizal,Angono,14.5189722222,121.146972222,,moist tropical,plain,storm/cyclone,storm/cyclone; rockfall/landslides; earthquake; tsunami,by NGO/agency,IFRC,,PRC,,,,transitional,rebuild,self-settlement,self-help,,shelter construction items,2003,10,occupancy with no legal status,house/apartment owner-occupier,detached,2,1,,,0,,,,150,,,,,none,none,none,slab,concrete,7,peri-urban,flexible,low-lying area,sand,none,23,none,by foot,,none,none,,,,,,,,,,Posts & Beams,,,,,,,,,,,,,,,,,,,,,,,,,various,,,nails,steel,bracing,timber,,slab,concrete,,,,,,,,,,,,,,,,,,,,,gable,,truss,various,,,,,,,,,,,,,,,,,in shelter,,concrete,2,,0,,,,,,,in shelter,,piped water,in shelter,,pour flush toilet,,none,,other,,none,none,,none,,,0,candles,none,in shelter,portable stove,coal/charcoal,,none,none,none,none,none,,,,0,0,0,0,0,1,1,1,0,1,,
PH013,IOM transitional,40850,Asia & Pacific,Philippines,Rizal,Cardona,14.5004444444,121.229527778,,moist tropical,plain,storm/cyclone,storm/cyclone; rockfall/landslides; earthquake; tsunami,by NGO/agency,IOM,,DSWD,,,,transitional,relocate,planned camp,contract labour,,livelihood support,2010,6,occupancy with no legal status,owner-occupier,row-house,1,3,,,0,,,,,,,,,open,pile,concrete,slab,concrete,,rural,rigid,undulating,sand,shrub,25,none,by car,,on stilts/pillars/piles,concrete,,,,,,,,,,Posts & Beams,,,,,,,,,,,,,,,,,,,,,,,,,timber,,,nails,steel,stiff cladding,timber,,slab,concrete,,,,,,,,,,,,,,,,,,,,,gable,,truss,plywood,,,,,,,,,,,,,,,,,communal,,concrete,2,,0,,,,,,,communal,,tubewel/borehole,in shelter,,pour flush toilet,,open drains,,other,,none,none,,none,,,0,electrical powered lamp,electricity (grid),on plot,portable stove,wood,,curtains,textile,none,none,none,,,,0,0,0,0,0,1,1,1,0,1,,
PH014,Handicap International,40851,Asia & Pacific,Philippines,Rizal,Baras,14.5416388889,121.274027778,,moist tropical,hills,storm/cyclone,storm/cyclone; rockfall/landslides; earthquake; tsunami,by NGO/agency,HI,,Baras Municipality,,,,transitional,relocate,planned camp,various,,livelihood support,2011,2,occupancy with no legal status,owner-occupier,semi-detached,1,1,,,0,,,,,,,,,none,pile,concrete,slab,concrete,,rural,rigid,in terrace,clay,trees,50,none,by foot,,on stilts/pillars/piles,concrete,,,,,,,,,,Posts & Beams,,,,,,,,,,,,,,,,,,,,,,,,,timber,,,nails,steel,none,none,,slab,concrete,,,,,,,,,,,,,,,,,,,,,gable,,truss,bamboo,,,,,,,,,,,,,,,,,communal,,concrete,3,,0,,,,,,,communal,,tubewel/borehole,in shelter,,pour flush toilet,,none,,other,,none,none,,fan,,,0,oil/kerosene lamp,gas,on plot,portable stove,coal/charcoal,,curtains,textile,none,none,none,,,,0,0,0,0,0,1,1,1,0,1,,
PH015,GK Rizal,40851,Asia & Pacific,Philippines,Rizal,Baras,14.5425277778,121.273555556,,moist tropical,hills,other,storm/cyclone; rockfall/landslides; earthquake; tsunami,by NGO/agency,Gawad Kalinga,,,,,,permanent,relocate,planned camp,direct labour,,livelihood support,2006,3,occupancy with no legal status,owner-occupier,semi-detached,1,1,,,0,,,,,,,,,none,pile,concrete,slab,concrete,15,rural,rigid,in terrace,clay,trees,,none,by foot,,on stilts/pillars/piles,concrete,,,,,,,,,,Bearing walls,concrete block (solid),,,,,,,,,,,,,,,,,,,,,,,,,,,,,,,,slab,concrete,,,,,,,,,,,,,,,,,,,,,gable,,steel,cement plaster,,,,,,,,,,,,,,,,,communal,,concrete,2,,1,,,,,,,communal,,tubewel/borehole,in shelter,,pour flush toilet,,none,,other,,none,none,,none,,,1,electrical powered lamp,electricity (grid),in shelter,portable stove,coal/charcoal,,none,none,none,none,none,,,,0,0,0,0,0,1,1,1,0,1,,
PH016,NHA housing,40851,Asia & Pacific,Philippines,Rizal,Baras,14.6017777778,121.262861111,,moist tropical,plain,storm/cyclone,storm/cyclone; rockfall/landslides; earthquake; tsunami,by government,National Housing Agency,,,,,,permanent,relocate,planned camp,contract labour,,,2009,2,occupancy with no legal status,owner-occupier,row-house,1,1,6.1,4,24.4,,,,3985,,,,,none,pile,concrete,slab,concrete,15,rural,rigid,undulating,clay,none,40,concrete,by truck,,on stilts/pillars/piles,concrete,,,,,,,,,,Bearing walls,concrete block (solid),,,,,,,,,,,,,,,,,,,,,,,,,,,,,,,,slab,concrete,,,,,,,,,,,,,,,,,,,,,shed,,steel,cement plaster,,,,,,,,,,,,,,,,,communal,,concrete,2,,0,,,,,,,communal,,tubewel/borehole,in shelter,,pour flush toilet,,none,,other,,none,none,,none,,,0,electrical powered lamp,electricity (grid),on plot,portable stove,wood,,none,none,none,none,none,,,,0,0,0,0,0,1,1,1,0,1,,
PH017,IFRC prefab Rizal,40851,Asia & Pacific,Philippines,Rizal,Baras,14.58975,121.242861111,,moist tropical,hills,storm/cyclone,storm/cyclone; rockfall/landslides; earthquake; tsunami,by NGO/agency,IFRC,,PRC,,,,transitional,relocate,planned camp,direct labour,,livelihood support,2011,4,occupancy with no legal status,owner-occupier,detached,1,3,,,0,,,,,,,,,open,pile,concrete,slab,concrete,,rural,flexible,low-lying area,clay,none,,none,by car,,on stilts/pillars/piles,concrete,,,,,,,,,,Posts & Beams,,,,,,,,,,,,,,,,,,,,,,,,,reinforced concrete,,,nails,steel,none,none,,slab,concrete,,,,,,,,,,,,,,,,,,,,,gable,,truss,various,,,,,,,,,,,,,,,,,communal,,concrete,2,,0,,,,,,,communal,,tubewel/borehole,in shelter,,ventilated improved pit latrine (VIP),,open drains,,other,,none,none,,none,,,0,electrical powered lamp,electricity (grid),in shelter,portable stove,wood,,walls,timber,gypsum board,none,none,,,,0,0,0,0,0,1,1,1,0,1,,
PH018,HfH Baseco,40863,Asia & Pacific,Philippines,Manila,Baseco,14.5923888889,120.959888889,,moist tropical,plain,fire,storm/cyclone; rockfall/landslides; earthquake; tsunami,by NGO/agency,Habitat for Humanity,,iHOME GMM,,,,permanent,relocate,planned camp,various,,,2004,4,occupancy with no legal status,owner-occupier,row-house,2,2,,,0,,,,910,,,,,closed,slab,concrete,slab,concrete,7,urban,rigid,low-lying area,sand,none,24,concrete,by truck,,monolithic slab,concrete,,,,,,,,,,Posts & Beams,,,,,,,,,,,,,,,,,,,,,,,,,steel,,,pins,steel,stiff cladding,timber,,slab,concrete,,,,,,,,,,,,,,,,,,,,,shed,,steel,fibre cement board,,,,,,,,,,,,,,,,,in shelter,,concrete,4,,0,,,,,,,in shelter,,piped water,in shelter,,piped sewer system,,closed,,other,,none,none,,none,,,0,electrical powered lamp,electricity (grid),on plot,portable stove,gas,,none,none,none,none,none,,,,0,0,0,0,0,1,1,1,0,1,,
PH019,Young Focus,40864,Asia & Pacific,Philippines,Manila,Tondo,14.629,120.955055556,,moist tropical,plain,storm/cyclone,storm/cyclone; rockfall/landslides; earthquake; tsunami,by NGO/agency,Young Focus,,,,,,transitional,rebuild,self-settlement,direct labour,,,2011,6,occupancy with no legal status,owner-occupier,detached,1,1,,,0,,,,1140,,,,,none,pile,concrete,beams,timber,4,urban,rigid,low-lying area,wetland/water,none,,none,by foot,,on stilts/pillars/piles,concrete,,,,,,,,,,Posts & Beams,,,,,,,,,,,,,,,,,,,,,,,,,timber,,,nails,steel,stiff cladding,timber,,beam and blocks/ beam fill floor (concrete joists and infill blocks),timber,,,,,,,,,,,,,,,,,,,,,shed,,timber,plywood,,,,,,,,,,,,,,,,,other,,timber,1,,0,,,,,,,other,,bottled water,other,,no facilities or bush or field,,none,,communal,,none,none,,none,,,0,none,none,in shelter,portable stove,coal/charcoal,,none,timber,none,none,none,,,,0,0,0,0,0,1,1,1,0,1,,
PH020,Rey's House,40864,Asia & Pacific,Philippines,Manila,Baseco,14.5911666667,120.956222222,,moist tropical,plain,storm/cyclone,storm/cyclone; rockfall/landslides; earthquake; tsunami,self-built,,,,,,,transitional,rebuild,self-settlement,direct labour,,,2011,2,occupancy with no legal status,owner-occupier,detached,1,1,,,0,,,,57,,,,,none,none,none,beams,timber,30,urban,flexible,low-lying area,sand,none,,none,by car,,none,none,,,,,,,,,,Posts & Beams,,,,,,,,,,,,,,,,,,,,,,,,,timber,,,nails,steel,bracing,timber,,beam and blocks/ beam fill floor (concrete joists and infill blocks),timber,,,,,,,,,,,,,,,,,,,,,gable,,timber,plastic,,,,,,,,,,,,,,,,,other,,timber,4,,0,,,,,,,other,,tanker truck,other,,no facilities or bush or field,,none,,communal,,none,none,,none,,,0,electrical powered lamp,electricity (grid),on plot,portable stove,gas,,walls,timber,none,none,none,,,,0,0,0,0,0,1,1,1,0,1,,
PH021,HPFP transitory shelter,40865,Asia & Pacific,Philippines,Manila,Quezon City,14.70025,121.112555556,,moist tropical,hills,flood,storm/cyclone; rockfall/landslides; earthquake; tsunami,by NGO/agency,UNHABITAT,,local government,,,,transitional,relocate,collective centre,contract labour,,,2010,0,occupancy with no legal status,occupancy with no legal status,row-house,1,1,,,0,,,,680,,,,,closed,slab,concrete,none,none,,urban,rigid,low-lying area,,none,,concrete,by foot,,monolithic slab,concrete,,,,,,,,,,Posts & Beams,,,,,,,,,,,,,,,,,,,,,,,,,steel,,,dowels/ pins,steel,none,none,,earth platform (elevated ground floor),none,,,,,,,,,,,,,,,,,,,,,shed,,steel,fibre cement board,,,,,,,,,,,,,,,,,communal,,none,1,,0,,,,,,,communal,,piped water,communal,,piped sewer system,,covered drains,,in shelter,,none,none,,none,,,0,electrical powered lamp,electricity (grid),other,none,,,none,none,none,none,none,,,,0,0,0,0,0,1,1,1,0,1,,
BI001,Adobe block house,40644,Africa,Burundi,Bujumbura,"Buterere, Nyarymanga",3.32775,29.3543333333,,moist tropical,,conflict related,flood; landslide/rockfall; drought,by NGO/agency,UNDP,,,,,,permanent,relocate,planned camp,contract labour,,,2010,7,,owner-occupier,detached,1,3,5.9,4.7,27.73,,1.9,2.8,620,,,,,open,perimeter,adobe,none,none,81,peri-urban,,,sand,,100,none,by truck,,strip footing,adobe/sun-dried brick,,,,,,,,,,Bearing walls,adobe/ sun-dried brick,,,,,,,stiff cladding,,,,,,,,,,,,,,,,,,,,,,,,,earth platform (elevated ground floor),none,,,,,,,,,,,,,,,,,,,,,gable,,truss,adobe,,,,,,,,,,,,,,,,,metal sheeting,,none,2,,4,,,,,,,,,,on plot,,pit latrine with slab,single pit,open drains,,on plot,,,,,,,,,,,,,,,walls,adobe,none,mud plaster,none,,,,0,0,0,1,0,1,1,1,0,1,1,
BI002,Fired clay brick house,40644,Africa,Burundi,Bujumbura,"Buterere, Nyarymanga",3.3256944444,29.3546666667,,moist tropical,,conflict related,flood; landslide/rockfall; drought,by NGO/agency,CARE,,,,,,permanent,relocate,planned camp,direct labour,,,2007,2,,owner-occupier,semi-detached,1,3,6.75,5,33.75,,2.5,2.9,,,,,,open,perimeter,stones,none,none,,peri-urban,,,sand,,80,none,by truck,,strip footing,stone,,,,,,,,,,Bearing walls,solid brick (fired clay),,,,,,,stiff cladding,,,,,,,,,,,,,,,,,,,,,,,,,earth platform (elevated ground floor),none,,,,,,,,,,,,,,,,,,,,,gable,,truss,adobe,,,,,,,,,,,,,,,,,metal sheeting,,none,2,,4,,,,,,,,,,on plot,,pit latrine with slab,single pit,open drains,,on plot,,,,,,,,,,,,,,,walls,bricks,none,,none,,,,0,0,0,1,0,1,1,1,0,1,1,
BI003,Transit centre shelter,40646,Africa,Burundi,Nyanza Lac,"Mugerama, Gitara",4.3126111111,29.5963055556,,moist tropical,,conflict related,flood; landslide/rockfall; drought,by NGO/agency,Paresi,,,,,,emergency,,collective centre,direct labour,,,2008,70,,,detached,1,14,27.5,7,192.5,,2.4,3.4,,,,,,open,none,,none,none,,rural,,,,,,,by truck,,none,,,,,,,,,,,Posts & Beams,,,,,,,,,,,,,,,,,,,,,,,,,timber,,,,bracing,bracing,gable,,earth platform (elevated ground floor),none,,,,,,,,,,,,,,,,,,,,,gable,,truss,plastic sheeting,,,,,,,,,,,,,,,,,metal sheeting,,none,14,,0,,,,,,,,,,communal,,pit latrine with slab,single pit,open drains,,other,,,,,,,,,,,,,,,screens,plastic,none,,none,,,,0,0,0,1,0,1,1,1,0,1,1,
BI004,Adobe block house,40646,Africa,Burundi,Nyanza Lac,"Muyange, Mabanda",4.2964722222,29.7068611111,,moist tropical,,conflict related,flood; landslide/rockfall; drought,by NGO/agency,Spanish RC,,,,,,permanent,rebuild,self-settlement,direct labour,,,2010,5,,owner-occupier,detached,1,3,7,5,35,,2.4,2.8,930,,,,,open,none,,none,none,61,rural,,,rock,,180,none,by truck,,none,,,,,,,,,,,Bearing walls,adobe/ sun-dried brick,,,,,,,stiff cladding,,,,,,,,,,,,,,,,,,,,,,,,,earth platform (elevated ground floor),none,,,,,,,,,,,,,,,,,,,,,gable,,truss,adobe,,,,,,,,,,,,,,,,,metal sheeting,,none,2,,4,,,,,,,,,,on plot,,pit latrine with slab,single pit,open drains,,on plot,,,,,,,,,,,,,,,walls,adobe,none,mud plaster,none,,,,0,0,0,1,0,0,1,1,0,1,1,
BI005,Adobe block house,40646,Africa,Burundi,Bururi,"Rumonge, Mutambara",4.0117777778,29.4546944444,,moist tropical,,conflict related,flood; landslide/rockfall; drought,by NGO/agency,Paresi,,,,,,permanent,relocate,planned camp,contract labour,,,2008,8,,owner-occupier,detached,1,3,7,5,35,,2.4,2.8,930,,,,,open,perimeter,adobe,none,none,61,peri-urban,,,,,,,by truck,,strip footing,adobe/sun-dried brick,,,,,,,,,,Bearing walls,adobe/ sun-dried brick,,,,,,,stiff cladding,,,,,,,,,,,,,,,,,,,,,,,,,earth platform (elevated ground floor),none,,,,,,,,,,,,,,,,,,,,,gable,,truss,adobe,,,,,,,,,,,,,,,,,metal sheeting,,none,2,,4,,,,,,,,,,on plot,,pit latrine with slab,single pit,open drains,,on plot,,,,,,,,,,,,,,,walls,adobe,none,mud plaster,none,,,,0,0,0,1,1,1,1,1,0,1,1,
BI006,Self-built thatched roof house,40647,Africa,Burundi,Bururi,"Rumonge, Iteba",3.9708611111,29.4334722222,,moist tropical,,flood,flood; landslide/rockfall; drought,self-built,RC Volunteers,,,,,,permanent,relocate,self-settlement,community labour,,,2010,2,,occupancy with no legal status,detached,1,2,5,2.6,13,,1.9,2.9,,,,,,none,none,,none,none,,urban,,,,,,,by foot,,none,,,,,,,,,,,Framed walls,,,,,,,,,,timber,,,,,,,sheathing (load bearing shell),,,,,,,,,,,,,,,,earth platform (elevated ground floor),none,,,,,,,,,,,,,,,,,,,,,gable,,,adobe,,,,,,,,,,,,,,,,,thatch,,none,1,,0,,,,,,,,,,other,,other,,none,,other,,,,,,,,,,,,,,,half walls,adobe,none,,none,,,,0,0,0,1,0,1,1,1,0,1,1,
BI007,CGI sheet temporary housing,40648,Africa,Burundi,Makamba,"Mabanda, Musenyi",4.3794444444,29.7636944444,,moist tropical,,conflict related,flood; landslide/rockfall; drought,by NGO/agency,UNHCR,,,,,,transitional,,collective centre,contract labour,,,2004,40,,occupancy with no legal status,detached,1,8,8.3,6.1,50.63,,3,4.5,,,,,,none,none,,none,none,,rural,,,,,,,by truck,,none,,,,,,,,,,,Posts & Beams,,,,,,,,,,,,,,,,,,,,,,,,,timber,,,,bracing,bracing,gable,,earth platform (elevated ground floor),none,,,,,,,,,,,,,,,,,,,,,gable,,truss,metal sheeting,,,,,,,,,,,,,,,,,metal sheeting,,none,8,,8,,,,,,,,,,communal,,pit latrine with slab,single pit,none,,on plot,,,,,,,,,,,,,,,walls,steel,none,,none,,,,0,0,0,1,0,0,1,1,0,1,1,
BI008,Transit centre shelter,40648,Africa,Burundi,Makamba,"Mabanda, Musenyi",4.3601666667,29.76625,,moist tropical,,conflict related,flood; landslide/rockfall; drought,by NGO/agency,Red Cross,,,,,,emergency,,collective centre,contract labour,,,2004,20,,,detached,1,1,12,7,84,,2.3,3.6,,,,,,open,slab,,none,none,,rural,,,,,,,by truck,,monolithic slab,,,,,,,,,,,Posts & Beams,,,,,,,,,,,,,,,,,,,,,,,,,timber,,,,bracing,bracing,gable,,earth platform (elevated ground floor),none,,,,,,,,,,,,,,,,,,,,,gable,,truss,plastic sheeting,,,,,,,,,,,,,,,,,metal sheeting,,none,1,,0,,,,,,,,,,communal,,pit latrine with slab,single pit,open drains,,on plot,,,,,,,,,,,,,,,none,adobe/ sun-dried brick,none,mud plaster,none,,,,0,0,0,1,0,0,1,1,0,1,1,
BI009,Self-built wattle and daub house,40648,Africa,Burundi,Makamba,"Mabanda, Musenyi",4.3481388889,29.7686111111,,moist tropical,,conflict related,flood; landslide/rockfall; drought,self-built,,,,,,,permanent,rebuild,self-settlement,contract labour,,,2004,5,,owner-occupier,detached,1,4,8,5,40,,2.5,3.4,,,,,,open,perimeter,adobe,none,none,,rural,,,,,,,by truck,,strip footing,adobe/sun-dried brick,,,,,,,,,,Bearing walls,adobe/ sun-dried brick,,,,,,,stiff cladding,,,,,,,,,,,,,,,,,,,,,,,,,earth platform (elevated ground floor),none,,,,,,,,,,,,,,,,,,,,,gable,,truss,adobe,,,,,,,,,,,,,,,,,metal sheeting,,none,2,,4,,,,,,,,,,on plot,,pit latrine with slab,single pit,open drains,,on plot,,,,,,,,,,,,,,,walls,adobe/ sun-dried brick,none,mud plaster,none,,,,0,0,0,1,0,1,1,1,0,1,1,
BI010,Adobe block house,40648,Africa,Burundi,Makamba,"Mabanda, Samvura",4.3025,29.7839722222,,moist tropical,,conflict related,flood; landslide/rockfall; drought,by NGO/agency,NRC,,,,,,permanent,rebuild,self-settlement,contract labour,,,2009,10,,owner-occupier,detached,1,3,5,7,35,,2.5,3.4,930,,,,,open,perimeter,adobe,none,none,61,rural,,,,,,,by car,,strip footing,adobe/sun-dried brick,,,,,,,,,,Bearing walls,adobe/ sun-dried brick,,,,,,,stiff cladding,,,,,,,,,,,,,,,,,,,,,,,,,earth platform (elevated ground floor),none,,,,,,,,,,,,,,,,,,,,,gable,,truss,adobe,,,,,,,,,,,,,,,,,metal sheeting,,none,2,,4,,,,,,,,,,on plot,,pit latrine with slab,single pit,open drains,,on plot,,,,,,,,,,,,,,,walls,adobe/ sun-dried brick,none,mud plaster,none,,,,0,0,0,1,0,0,1,1,0,1,1,
BI011,Self-built clay brick house,40648,Africa,Burundi,Makamba,Calle goro,4.1207222222,29.917,,moist tropical,,conflict related,flood; landslide/rockfall; drought,self-built,,,,,,,permanent,,self-settlement,self-help,,,1994,2,,owner-occupier,detached,1,4,5,7,35,,3,4,,,,,,none,perimeter,stones,none,none,,rural,,,,,,,by truck,,strip footing,stones,,,,,,,,,,Bearing walls,solid brick (fired clay),,,,,,,stiff cladding,,,,,,,,,,,,,,,,,,,,,,,,,earth platform (elevated ground floor),none,,,,,,,,,,,,,,,,,,,,,gable,,truss,bricks,,,,,,,,,,,,,,,,,clay tiles,,none,2,,5,,,,,,,,,,on plot,,pit latrine with slab,single pit,none,,on plot,,,,,,,,,,,,,,,half walls,adobe/ sun-dried brick,none,,paint,,,,0,0,0,1,0,1,1,1,0,1,1,
BI012,Self-built thatched roof house,40650,Africa,Burundi,Muyinga,Buthinda,2.64225,30.4213611111,,moist tropical,,conflict related,flood; landslide/rockfall; drought,self-built,,,,,,,permanent,rebuild,self-settlement,self-help,,,2006,2,,owner-occupier,detached,1,4,5.5,3.6,19.8,,1.7,2.6,,,,,,open,none,,none,none,,rural,,,,,,,by truck,,none,,,,,,,,,,,Framed walls,,,,,,,,,,timber,,,,,,,sheathing (load bearing shell),,,,,,,,,,,,,,,,earth platform (elevated ground floor),none,,,,,,,,,,,,,,,,,,,,,hip,,truss,adobe,,,,,,,,,,,,,,,,,thatch,,none,1,,0,,,,,,,,,,on plot,,pit latrine with slab,single pit,open drains,,on plot,,,,,,,,,,,,,,,walls,adobe/ sun-dried brick,none,mud plaster,none,,,,0,0,0,1,0,1,1,1,0,1,1,
BI013,Self-built Blinde,40650,Africa,Burundi,Muyinga,Buthinda,2.6403055556,30.4212777778,,moist tropical,,conflict related,flood; landslide/rockfall; drought,self-built,,,,,,,transitional,relocate,self-settlement,self-help,,,2009,4,,occupancy with no legal status,detached,1,1,4.6,2.7,12.42,,1.6,2.3,,,,,,open,none,,none,none,,rural,,,,,,,by foot,,none,,,,,,,,,,,Posts & Beams,,,,,,,,,,,,,,,,,,,,,,,,,timber,,,,none,none,arched,,earth platform (elevated ground floor),none,,,,,,,,,,,,,,,,,,,,,arched,,timber,thatch,,,,,,,,,,,,,,,,,plastic sheeting,,none,1,,0,,,,,,,,,,other,,pit latrine with slab,single pit,open drains,,on plot,,,,,,,,,,,,,,,none,adobe/ sun-dried brick,none,mud plaster,none,,,,0,0,0,1,0,1,1,1,0,1,1,
BI014,Self-built wattle and daub house,40650,Africa,Burundi,Muyinga,Buthinda,2.6053888889,30.441,,moist tropical,,conflict related,flood; landslide/rockfall; drought,self-built,,,,,,,permanent,relocate,self-settlement,self-help,,,2007,5,,owner-occupier,detached,1,2,6.5,3.5,22.75,,2,3.4,,,,,,open,none,,none,none,,rural,,,,,,,by truck,,none,,,,,,,,,,,Framed walls,,,,,,,,,,timber,,,,,,,sheathing (load bearing shell),,,,,,,,,,,,,,,,earth platform (elevated ground floor),none,,,,,,,,,,,,,,,,,,,,,shed,,timber,adobe,,,,,,,,,,,,,,,,,clay tiles,,none,2,,0,,,,,,,,,,communal,,pit latrine with slab,single pit,open drains,,on plot,,,,,,,,,,,,,,,walls,adobe/ sun-dried brick,none,mud plaster,none,,,,0,0,0,1,0,1,1,1,0,1,1,
BI015,Wattle and daub refugee shelter,40651,Africa,Burundi,Muyinga,"Gazorwe, Kinama",2.8813055556,30.2071111111,,moist tropical,,conflict related,flood; landslide/rockfall; drought,by NGO/agency,NRC,,,,,,permanent,,planned camp,contract labour,,,2009,8,,,detached,1,2,3.7,3.7,13.69,,2.2,3.1,,,,,,open,none,,none,none,,peri-urban,,,,,,,by truck,,none,,,,,,,,,,,Framed walls,,,,,,,,,,timber,,,,,,,sheathing (load bearing shell),,,,,,,,,,,,,,,,earth platform (elevated ground floor),none,,,,,,,,,,,,,,,,,,,,,gable,,truss,adobe,,,,,,,,,,,,,,,,,metal sheeting,,none,1,,0,,,,,,,,,,communal,,pit latrine with slab,single pit,open drains,,on plot,,,,,,,,,,,,,,,half walls,adobe/ sun-dried brick,none,mud plaster,none,,,,0,0,0,1,1,1,1,1,0,1,1,
BI016,Self-built expansion refugee shelter,40651,Africa,Burundi,Muyinga,"Gazorwe, Kinama",2.8841666667,30.2091944444,,moist tropical,,conflict related,flood; landslide/rockfall; drought,by NGO/agency,NRC,,,,,,permanent,,planned camp,self-help,,,2009,11,,,detached,1,8,9,9,81,,2.2,3.1,,,,,,open,none,,none,none,,peri-urban,,,,,,,by truck,,none,,,,,,,,,,,Framed walls,,,,,,,,,,timber,,,,,,,sheathing (load bearing shell),,,,,,,,,,,,,,,,earth platform (elevated ground floor),none,,,,,,,,,,,,,,,,,,,,,gable,,truss,adobe,,,,,,,,,,,,,,,,,metal sheeting,,none,6,,0,,,,,,,,,,on plot,,pit latrine with slab,single pit,open drains,,on plot,,,,,,,,,,,,,,,walls,adobe/ sun-dried brick,none,mud plaster,none,,,,0,0,0,1,1,1,1,1,0,1,1,
BI017,Self-built Twa hut,40651,Africa,Burundi,Muyinga,"Gazorwe, Kinama",2.8674166667,30.2163055556,,moist tropical,,conflict related,flood; landslide/rockfall; drought,self-built,,,,,,,permanent,,self-settlement,self-help,,,2008,3,,occupancy with no legal status,detached,1,1,4,4,16,,1.2,2,,,,,,none,none,,none,none,,rural,,,,,,,by truck,,none,,,,,,,,,,,Posts & Beams,,,,,,,,,,,,,,,,,,,,,,,,,timber,,,,none,none,domed,,earth platform (elevated ground floor),none,,,,,,,,,,,,,,,,,,,,,dome,,timber,thatch,,,,,,,,,,,,,,,,,thatch,,none,1,,0,,,,,,,,,,other,,other,,none,,on plot,,,,,,,,,,,,,,,none,adobe/ sun-dried brick,none,mud plaster,none,,,,0,0,0,1,0,1,1,1,0,1,1,
BI018,Self-built stone wall house,40651,Africa,Burundi,Muyinga,"Muyinga, Gahoro",2.8084722222,30.3556111111,,moist tropical,,conflict related,flood; landslide/rockfall; drought,self-built,,,,,,,permanent,relocate,self-settlement,contract labour,,,2001,5,,owner-occupier,detached,1,2,7,4,28,,2.5,3.6,,,,,,open,perimeter,stones,none,none,,rural,,,,,,,by truck,,strip footing,stone,,,,,,,,,,Bearing walls,other,,,,,,,,,,,,,,,,,,,,,,,,,,,,,,,,earth platform (elevated ground floor),none,,,,,,,,,,,,,,,,,,,,,shed,,truss,bricks,,,,,,,,,,,,,,,,,metal sheeting,,none,1,,4,,,,,,,,,,on plot,,pit latrine with slab,single pit,open drains,,on plot,,,,,,,,,,,,,,,walls,adobe/ sun-dried brick,none,mud plaster,none,,,,0,0,0,1,0,1,1,1,0,1,1,
BI019,Transit centre shelter,40651,Africa,Burundi,Ngozi,"Kiremba, Rutobo",2.8490833333,30.0736666667,,moist tropical,,conflict related,flood; landslide/rockfall; drought,by NGO/agency,NRC,,,,,,emergency,,collective centre,contract labour,,,2011,36,,,detached,1,6,15.5,6.8,105.4,,2.3,3.3,,,,,,open,none,,none,none,,rural,,,,,,,by truck,,none,,,,,,,,,,,Posts & Beams,,,,,,,,,,,,,,,,,,,,,,,,,timber,,,,bracing,bracing,gable,,earth platform (elevated ground floor),none,,,,,,,,,,,,,,,,,,,,,gable,,truss,plastic sheeting,,,,,,,,,,,,,,,,,metal sheeting,,none,1,,0,,,,,,,,,,communal,,pit latrine with slab,single pit,open drains,,on plot,,,,,,,,,,,,,,,screens,plastic,none,mud plaster,none,,,,0,0,0,1,0,1,1,1,0,1,1,
BI020,Adobe block house with tiled roof,40651,Africa,Burundi,Muyinga,"Muyinga, Mukona",2.8699722222,30.3055,,moist tropical,,conflict related,flood; landslide/rockfall; drought,by NGO/agency,World Vision,,,,,,permanent,rebuild,self-settlement,contract labour,,,2004,8,,owner-occupier,detached,1,3,7,5,35,,2.9,3.9,930,,,,,none,perimeter,adobe,none,none,61,rural,,,,,,,by truck,,strip footing,adobe/sun-dried brick,,,,,,,,,,Bearing walls,adobe/ sun-dried brick,,,,,,,,,,,,,,,,,,,,,,,,,,,,,,,,earth platform (elevated ground floor),none,,,,,,,,,,,,,,,,,,,,,gable,,truss,adobe,,,,,,,,,,,,,,,,,clay tiles,,none,2,,4,,,,,,,,,,on plot,,pit latrine with slab,single pit,none,,on plot,,,,,,,,,,,,,,,walls,adobe/ sun-dried brick,none,mud plaster,none,,,,0,0,0,1,0,1,1,1,0,1,1,
BI021,Wattle and daub house,40652,Africa,Burundi,Karuzi,"Buluga, Kigoma",3.1081666667,30.1604166667,,moist tropical,,conflict related,flood; landslide/rockfall; drought,by government,Ministry of solidarity (Burundi),,,,,,permanent,relocate,self-settlement,contract labour,,,1993,6,,owner-occupier,detached,1,4,7,5,35,,2.2,3,620,,,,,open,none,,none,none,61,peri-urban,,,,,,,by truck,,none,,,,,,,,,,,Framed walls,,,,,,,,,,timber,,,,,,,sheathing (load bearing shell),,,,,,,,,,,,,,,,earth platform (elevated ground floor),none,,,,,,,,,,,,,,,,,,,,,gable,,truss,adobe,,,,,,,,,,,,,,,,,metal sheeting,,none,2,,4,,,,,,,,,,on plot,,pit latrine with slab,single pit,open drains,,on plot,,,,,,,,,,,,,,,walls,adobe/ sun-dried brick,none,mud plaster,none,,,,0,0,0,1,0,1,1,1,0,1,1,
BI022,Repaired adobe block house,40652,Africa,Burundi,Karuzi,"Shombo, Kiryama",3.3561388889,30.0108611111,,moist tropical,,conflict related,flood; landslide/rockfall; drought,by NGO/agency,ADRA,,,,,,permanent,retrofit,self-settlement,direct labour,,,2001,2,,owner-occupier,detached,1,3,7,5,35,,2.5,3.4,620,,,,,open,perimeter,bricks,none,none,61,rural,,,,,,,by foot,,strip footing,solid brick (fired clay),,,,,,,,,,Framed walls,,,,,,,,,,timber,,,,,,,sheathing (load bearing shell),,,,,,,,,,,,,,,,earth platform (elevated ground floor),none,,,,,,,,,,,,,,,,,,,,,gable,,truss,adobe,,,,,,,,,,,,,,,,,metal sheeting,,none,2,,4,,,,,,,,,,other,,other,,open drains,,on plot,,,,,,,,,,,,,,,walls,adobe/ sun-dried brick,none,mud plaster,none,,,,0,0,0,1,0,1,1,1,0,1,1,
BI023,Adobe block house,40652,Africa,Burundi,Karuzi,"Bugenguzi, Canzikiro",3.0854722222,30.0928888889,,moist tropical,,conflict related,flood; landslide/rockfall; drought,by NGO/agency,GIZ,,,,,,permanent,rebuild,self-settlement,contract labour,,,2009,6,,owner-occupier,detached,1,2,7,5,35,,2.3,3.2,470,,,,,open,perimeter,adobe,none,none,61,rural,,,,,,,by truck,,strip footing,adobe/sun-dried brick,,,,,,,,,,Bearing walls,adobe/ sun-dried brick,,,,,,,,,,,,,,,,,,,,,,,,,,,,,,,,earth platform (elevated ground floor),none,,,,,,,,,,,,,,,,,,,,,gable,,truss,adobe,,,,,,,,,,,,,,,,,metal sheeting,,none,2,,4,,,,,,,,,,on plot,,pit latrine with slab,single pit,open drains,,on plot,,,,,,,,,,,,,,,walls,adobe/ sun-dried brick,none,mud plaster,none,,,,0,0,0,1,0,0,1,1,0,1,1,
BI024,Adobe block house,40652,Africa,Burundi,Karuzi,"Gilogazi, Ramba",3.1301111111,30.0083055556,,moist tropical,,conflict related,flood; landslide/rockfall; drought,by NGO/agency,Luxembourg Red Cross,,,,,,permanent,rebuild,self-settlement,contract labour,,,2011,2,,owner-occupier,detached,1,3,7,5,35,,2.4,2.8,930,,,,,open,perimeter,adobe,none,none,61,rural,,,clay,,700,none,by truck,,strip footing,adobe/sun-dried brick,,,,,,,,,,Bearing walls,adobe/ sun-dried brick,,,,,,,,,,,,,,,,,,,,,,,,,,,,,,,,earth platform (elevated ground floor),none,,,,,,,,,,,,,,,,,,,,,gable,,truss,adobe,,,,,,,,,,,,,,,,,metal sheeting,,none,2,,4,,,,,,,,,,on plot,,pit latrine with slab,single pit,open drains,,on plot,,,,,,,,,,,,,,,half walls,adobe/ sun-dried brick,none,mud plaster,none,,,,0,0,0,1,1,1,1,1,0,1,1,
BI025,Plastic sheeting refugee shelter,40653,Africa,Burundi,Ruyigi,Bwagiriza,3.3563611111,30.2743333333,,moist tropical,,conflict related,flood; landslide/rockfall; drought,by NGO/agency,NRC,,,,,,transitional,,planned camp,contract labour,,,2009,5,,,detached,1,3,5.5,5,27.5,,2.3,3.3,580,,,,,open,none,,none,none,10,rural,,,sand,,112,none,by truck,,none,,,,,,,,,,,Framed walls,,,,,,,,,,timber,,,,,,,bracing,,,,,,,,,,,,,,,,earth platform (elevated ground floor),none,,,,,,,,,,,,,,,,,,,,,gable,,truss,plastic sheeting,,,,,,,,,,,,,,,,,metal sheeting,,none,1,,0,,,,,,,,,,communal,,pit latrine with slab,single pit,open drains,,on plot,,,,,,,,,,,,,,,screens,plastic,none,,none,,,,0,0,0,1,1,1,1,1,0,1,1,
BI026,Upgraded refugee shelter,40653,Africa,Burundi,Ruyigi,Bwagiriza,3.3571111111,30.2741111111,,moist tropical,,conflict related,flood; landslide/rockfall; drought,by NGO/agency,NRC,,,,,,permanent,,planned camp,self-help,,,2010,8,,,detached,1,4,5.5,5,27.5,,2.3,3.3,620,,,,,open,none,,none,none,10,rural,,,sand,,112,none,by truck,truss,none,,,,,,,,,,,Framed walls,,,,,,,,,,timber,,,,,,,bracing,,,,,,,,,,,,,,,,earth platform (elevated ground floor),none,,,,,,,,,,,,,,,,,,,,,gable,,truss,adobe,,,,,,,,,,,,,,,,,metal sheeting,,none,1,,0,,,,,,,,,,communal,,pit latrine with slab,single pit,open drains,,on plot,,,,,,,,,,,,,,,walls,plastic,none,,none,,,,0,0,0,1,1,1,1,1,0,1,1,
